"","Site","Station","Parametre","DtHechanti","Valeur","Methode"
"27714","BV Cens","CENS à NANTES / 04146950","Phosphore total",2006-08-29 14:00:00,0.16,"Méthode inconnue liquide"
"27715","BV Cens","CENS à NANTES / 04146950","Nitrites",2006-08-29 14:00:00,0.11,"Méthode inconnue liquide"
"27716","BV Cens","CENS à NANTES / 04146950","Azote ammoniacal",2006-08-29 14:00:00,0.16,"Méthode inconnue liquide"
"27717","BV Cens","CENS à NANTES / 04146950","DBO5 sur échantillon homogène",2006-08-29 14:00:00,6,"Méthode inconnue liquide"
"27718","BV Cens","CENS à NANTES / 04146950","EC_25C_insitu",2006-08-29 14:00:00,354,"Méthode inconnue liquide"
"27719","BV Cens","CENS à NANTES / 04146950","pH_insitu",2006-08-29 14:00:00,7.5,"Méthode inconnue liquide"
"27720","BV Cens","CENS à NANTES / 04146950","O2_insitu",2006-08-29 14:00:00,9.1,"Méthode inconnue liquide"
"27721","BV Cens","CENS à NANTES / 04146950","DCO sur échantillon homogène",2006-08-29 14:00:00,30,"Méthode inconnue liquide"
"27722","BV Cens","CENS à NANTES / 04146950","Chlorures",2006-08-29 14:00:00,2,"Méthode inconnue liquide"
"27723","BV Cens","CENS à NANTES / 04146950","Nitrates",2006-08-29 14:00:00,1.3,"Méthode inconnue liquide"
"27724","BV Cens","CENS à NANTES / 04146950","Phosphates",2006-08-29 14:00:00,0.22,"Méthode inconnue liquide"
"27725","BV Cens","CENS à NANTES / 04146950","pH_insitu",2006-11-20 11:20:00,7.36,"Méthode inconnue liquide"
"27726","BV Cens","CENS à NANTES / 04146950","EC_25C_insitu",2006-11-20 11:20:00,259,"Méthode inconnue liquide"
"27727","BV Cens","CENS à NANTES / 04146950","O2_insitu",2006-11-20 11:20:00,11.68,"Méthode inconnue liquide"
"27728","BV Cens","CENS à NANTES / 04146950","DBO5 sur échantillon homogène",2006-11-20 11:20:00,2.7,"Méthode inconnue liquide"
"27729","BV Cens","CENS à NANTES / 04146950","DCO sur échantillon homogène",2006-11-20 11:20:00,38,"Méthode inconnue liquide"
"27730","BV Cens","CENS à NANTES / 04146950","Azote ammoniacal",2006-11-20 11:20:00,0.15,"Méthode inconnue liquide"
"27731","BV Cens","CENS à NANTES / 04146950","Chlorures",2006-11-20 11:20:00,29,"Méthode inconnue liquide"
"27732","BV Cens","CENS à NANTES / 04146950","Nitrites",2006-11-20 11:20:00,0.12,"Méthode inconnue liquide"
"27733","BV Cens","CENS à NANTES / 04146950","Nitrates",2006-11-20 11:20:00,9.6,"Méthode inconnue liquide"
"27734","BV Cens","CENS à NANTES / 04146950","Phosphore total",2006-11-20 11:20:00,0.27,"Méthode inconnue liquide"
"27735","BV Cens","CENS à NANTES / 04146950","Phosphates",2006-11-20 11:20:00,0.37,"Méthode inconnue liquide"
"27736","BV Cens","CENS à NANTES / 04146950","Phosphates",2006-09-13 11:05:00,0.26,"Méthode inconnue liquide"
"27737","BV Cens","CENS à NANTES / 04146950","Phosphore total",2006-09-13 11:05:00,0.22,"Méthode inconnue liquide"
"27738","BV Cens","CENS à NANTES / 04146950","Nitrates",2006-09-13 11:05:00,4,"Méthode inconnue liquide"
"27739","BV Cens","CENS à NANTES / 04146950","Nitrites",2006-09-13 11:05:00,0.14,"Méthode inconnue liquide"
"27740","BV Cens","CENS à NANTES / 04146950","Chlorures",2006-09-13 11:05:00,14,"Méthode inconnue liquide"
"27741","BV Cens","CENS à NANTES / 04146950","Azote ammoniacal",2006-09-13 11:05:00,0.38,"Méthode inconnue liquide"
"27742","BV Cens","CENS à NANTES / 04146950","DCO sur échantillon homogène",2006-09-13 11:05:00,2.4,"Méthode inconnue liquide"
"27743","BV Cens","CENS à NANTES / 04146950","DBO5 sur échantillon homogène",2006-09-13 11:05:00,2.4,"Méthode inconnue liquide"
"27744","BV Cens","CENS à NANTES / 04146950","O2_insitu",2006-09-13 11:05:00,5.64,"Méthode inconnue liquide"
"27745","BV Cens","CENS à NANTES / 04146950","EC_25C_insitu",2006-09-13 11:05:00,295,"Méthode inconnue liquide"
"27746","BV Cens","CENS à NANTES / 04146950","pH_insitu",2006-09-13 11:05:00,6.9,"Méthode inconnue liquide"
"28228","BV Cens","CENS à NANTES / 04146950","Phosphates",2006-02-01 10:30:00,0.19,"Méthode inconnue liquide"
"28229","BV Cens","CENS à NANTES / 04146950","Phosphore total",2006-02-01 10:30:00,0.14,"Méthode inconnue liquide"
"28230","BV Cens","CENS à NANTES / 04146950","Nitrates",2006-02-01 10:30:00,15.1,"Méthode inconnue liquide"
"28231","BV Cens","CENS à NANTES / 04146950","Nitrites",2006-02-01 10:30:00,0.07,"Méthode inconnue liquide"
"28232","BV Cens","CENS à NANTES / 04146950","Chlorures",2006-02-01 10:30:00,58,"Méthode inconnue liquide"
"28233","BV Cens","CENS à NANTES / 04146950","Azote ammoniacal",2006-02-01 10:30:00,0.28,"Méthode inconnue liquide"
"28234","BV Cens","CENS à NANTES / 04146950","DCO sur échantillon homogène",2006-02-01 10:30:00,20,"Méthode inconnue liquide"
"28235","BV Cens","CENS à NANTES / 04146950","DBO5 sur échantillon homogène",2006-02-01 10:30:00,1.9,"Méthode inconnue liquide"
"28236","BV Cens","CENS à NANTES / 04146950","O2_insitu",2006-02-01 10:30:00,15.1,"Méthode inconnue liquide"
"28237","BV Cens","CENS à NANTES / 04146950","EC_25C_insitu",2006-02-01 10:30:00,400,"Méthode inconnue liquide"
"28238","BV Cens","CENS à NANTES / 04146950","pH_insitu",2006-02-01 10:30:00,6.67,"Méthode inconnue liquide"
"28734","BV Cens","CENS à ORVAULT / 04146920","pH_insitu",2006-04-06 12:30:00,7.38,"Méthode inconnue liquide"
"28735","BV Cens","CENS à ORVAULT / 04146920","EC_25C_insitu",2006-04-06 12:30:00,271,"Méthode inconnue liquide"
"28736","BV Cens","CENS à ORVAULT / 04146920","O2_insitu",2006-04-06 12:30:00,10.3,"Méthode inconnue liquide"
"28737","BV Cens","CENS à ORVAULT / 04146920","DBO5 sur échantillon homogène",2006-04-06 12:30:00,1.6,"Méthode inconnue liquide"
"28738","BV Cens","CENS à ORVAULT / 04146920","DCO sur échantillon homogène",2006-04-06 12:30:00,20,"Méthode inconnue liquide"
"28739","BV Cens","CENS à ORVAULT / 04146920","Azote ammoniacal",2006-04-06 12:30:00,0.05,"Méthode inconnue liquide"
"28740","BV Cens","CENS à ORVAULT / 04146920","Chlorures",2006-04-06 12:30:00,36,"Méthode inconnue liquide"
"28741","BV Cens","CENS à ORVAULT / 04146920","Nitrites",2006-04-06 12:30:00,0.04,"Méthode inconnue liquide"
"28742","BV Cens","CENS à ORVAULT / 04146920","Nitrates",2006-04-06 12:30:00,12.6,"Méthode inconnue liquide"
"28743","BV Cens","CENS à ORVAULT / 04146920","Phosphore total",2006-04-06 12:30:00,0.1,"Méthode inconnue liquide"
"28744","BV Cens","CENS à ORVAULT / 04146920","Phosphates",2006-04-06 12:30:00,0.16,"Méthode inconnue liquide"
"28745","BV Cens","CENS à ORVAULT / 04146920","pH_insitu",2006-09-22 11:50:00,7.77,"Méthode inconnue liquide"
"28746","BV Cens","CENS à ORVAULT / 04146920","EC_25C_insitu",2006-09-22 11:50:00,275,"Méthode inconnue liquide"
"28747","BV Cens","CENS à ORVAULT / 04146920","O2_insitu",2006-09-22 11:50:00,6.4,"Méthode inconnue liquide"
"28748","BV Cens","CENS à ORVAULT / 04146920","DBO5 sur échantillon homogène",2006-09-22 11:50:00,0.5,"Méthode inconnue liquide"
"28749","BV Cens","CENS à ORVAULT / 04146920","DCO sur échantillon homogène",2006-09-22 11:50:00,20,"Méthode inconnue liquide"
"28750","BV Cens","CENS à ORVAULT / 04146920","Azote ammoniacal",2006-09-22 11:50:00,0.05,"Méthode inconnue liquide"
"28751","BV Cens","CENS à ORVAULT / 04146920","Chlorures",2006-09-22 11:50:00,12,"Méthode inconnue liquide"
"28752","BV Cens","CENS à ORVAULT / 04146920","Nitrites",2006-09-22 11:50:00,0.04,"Méthode inconnue liquide"
"28753","BV Cens","CENS à ORVAULT / 04146920","Nitrates",2006-09-22 11:50:00,3.6,"Méthode inconnue liquide"
"28754","BV Cens","CENS à ORVAULT / 04146920","Phosphore total",2006-09-22 11:50:00,0.14,"Méthode inconnue liquide"
"28755","BV Cens","CENS à ORVAULT / 04146920","Phosphates",2006-09-22 11:50:00,0.26,"Méthode inconnue liquide"
"29226","BV Cens","CENS à ORVAULT / 04146920","Phosphore total",2006-06-16 11:20:00,0.21,"Méthode inconnue liquide"
"29227","BV Cens","CENS à ORVAULT / 04146920","Nitrites",2006-06-16 11:20:00,0.05,"Méthode inconnue liquide"
"29228","BV Cens","CENS à ORVAULT / 04146920","Azote ammoniacal",2006-06-16 11:20:00,0.1,"Méthode inconnue liquide"
"29229","BV Cens","CENS à ORVAULT / 04146920","DBO5 sur échantillon homogène",2006-06-16 11:20:00,1.1,"Méthode inconnue liquide"
"29230","BV Cens","CENS à ORVAULT / 04146920","EC_25C_insitu",2006-06-16 11:20:00,271,"Méthode inconnue liquide"
"29231","BV Cens","CENS à ORVAULT / 04146920","pH_insitu",2006-06-16 11:20:00,6.98,"Méthode inconnue liquide"
"29232","BV Cens","CENS à ORVAULT / 04146920","O2_insitu",2006-06-16 11:20:00,5,"Méthode inconnue liquide"
"29233","BV Cens","CENS à ORVAULT / 04146920","DCO sur échantillon homogène",2006-06-16 11:20:00,25,"Méthode inconnue liquide"
"29234","BV Cens","CENS à ORVAULT / 04146920","Chlorures",2006-06-16 11:20:00,34,"Méthode inconnue liquide"
"29235","BV Cens","CENS à ORVAULT / 04146920","Nitrates",2006-06-16 11:20:00,5.1,"Méthode inconnue liquide"
"29236","BV Cens","CENS à ORVAULT / 04146920","Phosphates",2006-06-16 11:20:00,0.42,"Méthode inconnue liquide"
"29237","BV Cens","CENS à ORVAULT / 04146920","Phosphore total",2006-07-31 11:15:00,0.21,"Méthode inconnue liquide"
"29238","BV Cens","CENS à ORVAULT / 04146920","Nitrites",2006-07-31 11:15:00,0.06,"Méthode inconnue liquide"
"29239","BV Cens","CENS à ORVAULT / 04146920","Azote ammoniacal",2006-07-31 11:15:00,0.12,"Méthode inconnue liquide"
"29240","BV Cens","CENS à ORVAULT / 04146920","DBO5 sur échantillon homogène",2006-07-31 11:15:00,2.2,"Méthode inconnue liquide"
"29241","BV Cens","CENS à ORVAULT / 04146920","EC_25C_insitu",2006-07-31 11:15:00,152,"Méthode inconnue liquide"
"29242","BV Cens","CENS à ORVAULT / 04146920","pH_insitu",2006-07-31 11:15:00,7.31,"Méthode inconnue liquide"
"29243","BV Cens","CENS à ORVAULT / 04146920","O2_insitu",2006-07-31 11:15:00,5.7,"Méthode inconnue liquide"
"29244","BV Cens","CENS à ORVAULT / 04146920","DCO sur échantillon homogène",2006-07-31 11:15:00,18,"Méthode inconnue liquide"
"29245","BV Cens","CENS à ORVAULT / 04146920","Chlorures",2006-07-31 11:15:00,15,"Méthode inconnue liquide"
"29246","BV Cens","CENS à ORVAULT / 04146920","Nitrates",2006-07-31 11:15:00,2.8,"Méthode inconnue liquide"
"29247","BV Cens","CENS à ORVAULT / 04146920","Phosphates",2006-07-31 11:15:00,0.37,"Méthode inconnue liquide"
"29740","BV Cens","CENS à ORVAULT / 04146920","Phosphates",2006-07-13 12:30:00,0.42,"Méthode inconnue liquide"
"29741","BV Cens","CENS à ORVAULT / 04146920","Phosphore total",2006-07-13 12:30:00,0.3,"Méthode inconnue liquide"
"29742","BV Cens","CENS à ORVAULT / 04146920","Nitrates",2006-07-13 12:30:00,3.3,"Méthode inconnue liquide"
"29743","BV Cens","CENS à ORVAULT / 04146920","Nitrites",2006-07-13 12:30:00,0.07,"Méthode inconnue liquide"
"29744","BV Cens","CENS à ORVAULT / 04146920","Chlorures",2006-07-13 12:30:00,33,"Méthode inconnue liquide"
"29745","BV Cens","CENS à ORVAULT / 04146920","Azote ammoniacal",2006-07-13 12:30:00,0.19,"Méthode inconnue liquide"
"29746","BV Cens","CENS à ORVAULT / 04146920","DCO sur échantillon homogène",2006-07-13 12:30:00,81,"Méthode inconnue liquide"
"29747","BV Cens","CENS à ORVAULT / 04146920","DBO5 sur échantillon homogène",2006-07-13 12:30:00,1.3,"Méthode inconnue liquide"
"29748","BV Cens","CENS à ORVAULT / 04146920","O2_insitu",2006-07-13 12:30:00,5.5,"Méthode inconnue liquide"
"29749","BV Cens","CENS à ORVAULT / 04146920","EC_25C_insitu",2006-07-13 12:30:00,255,"Méthode inconnue liquide"
"29750","BV Cens","CENS à ORVAULT / 04146920","pH_insitu",2006-07-13 12:30:00,7.32,"Méthode inconnue liquide"
"30208","BV Cens","CENS à NANTES / 04146950","pH_insitu",2006-05-11 10:00:00,6.8,"Méthode inconnue liquide"
"30209","BV Cens","CENS à NANTES / 04146950","EC_25C_insitu",2006-05-11 10:00:00,290,"Méthode inconnue liquide"
"30210","BV Cens","CENS à NANTES / 04146950","O2_insitu",2006-05-11 10:00:00,7,"Méthode inconnue liquide"
"30211","BV Cens","CENS à NANTES / 04146950","DBO5 sur échantillon homogène",2006-05-11 10:00:00,1.7,"Méthode inconnue liquide"
"30212","BV Cens","CENS à NANTES / 04146950","DCO sur échantillon homogène",2006-05-11 10:00:00,36,"Méthode inconnue liquide"
"30213","BV Cens","CENS à NANTES / 04146950","Azote ammoniacal",2006-05-11 10:00:00,0.25,"Méthode inconnue liquide"
"30214","BV Cens","CENS à NANTES / 04146950","Chlorures",2006-05-11 10:00:00,33,"Méthode inconnue liquide"
"30215","BV Cens","CENS à NANTES / 04146950","Nitrites",2006-05-11 10:00:00,0.15,"Méthode inconnue liquide"
"30216","BV Cens","CENS à NANTES / 04146950","Nitrates",2006-05-11 10:00:00,7.5,"Méthode inconnue liquide"
"30217","BV Cens","CENS à NANTES / 04146950","Phosphore total",2006-05-11 10:00:00,0.2,"Méthode inconnue liquide"
"30218","BV Cens","CENS à NANTES / 04146950","Phosphates",2006-05-11 10:00:00,0.38,"Méthode inconnue liquide"
"30714","BV Cens","CENS à NANTES / 04146950","Phosphates",2006-06-21 12:40:00,0.62,"Méthode inconnue liquide"
"30715","BV Cens","CENS à NANTES / 04146950","Phosphore total",2006-06-21 12:40:00,0.27,"Méthode inconnue liquide"
"30716","BV Cens","CENS à NANTES / 04146950","Nitrates",2006-06-21 12:40:00,5.1,"Méthode inconnue liquide"
"30717","BV Cens","CENS à NANTES / 04146950","Nitrites",2006-06-21 12:40:00,0.2,"Méthode inconnue liquide"
"30718","BV Cens","CENS à NANTES / 04146950","Chlorures",2006-06-21 12:40:00,37,"Méthode inconnue liquide"
"30719","BV Cens","CENS à NANTES / 04146950","Azote ammoniacal",2006-06-21 12:40:00,0.4,"Méthode inconnue liquide"
"30720","BV Cens","CENS à NANTES / 04146950","DCO sur échantillon homogène",2006-06-21 12:40:00,20,"Méthode inconnue liquide"
"30721","BV Cens","CENS à NANTES / 04146950","DBO5 sur échantillon homogène",2006-06-21 12:40:00,1.1,"Méthode inconnue liquide"
"30722","BV Cens","CENS à NANTES / 04146950","O2_insitu",2006-06-21 12:40:00,3.18,"Méthode inconnue liquide"
"30723","BV Cens","CENS à NANTES / 04146950","EC_25C_insitu",2006-06-21 12:40:00,328,"Méthode inconnue liquide"
"30724","BV Cens","CENS à NANTES / 04146950","pH_insitu",2006-06-21 12:40:00,6.85,"Méthode inconnue liquide"
"31170","BV Cens","CENS à NANTES / 04146950","Carbone organique dissous",2008-06-17 13:45:00,6.7,"Méthode inconnue liquide"
"31171","BV Cens","CENS à NANTES / 04146950","Phosphates",2008-06-17 13:45:00,0.36,"Méthode inconnue liquide"
"31172","BV Cens","CENS à NANTES / 04146950","Phosphore total",2008-06-17 13:45:00,0.13,"Méthode inconnue liquide"
"31173","BV Cens","CENS à NANTES / 04146950","Nitrates",2008-06-17 13:45:00,8.1,"Méthode inconnue liquide"
"31174","BV Cens","CENS à NANTES / 04146950","Nitrites",2008-06-17 13:45:00,0.1,"Méthode inconnue liquide"
"31175","BV Cens","CENS à NANTES / 04146950","Chlorures",2008-06-17 13:45:00,29,"Méthode inconnue liquide"
"31176","BV Cens","CENS à NANTES / 04146950","Azote ammoniacal",2008-06-17 13:45:00,0.27,"Méthode inconnue liquide"
"31177","BV Cens","CENS à NANTES / 04146950","DCO sur échantillon homogène",2008-06-17 13:45:00,21,"Méthode inconnue liquide"
"31178","BV Cens","CENS à NANTES / 04146950","DBO5 sur échantillon homogène",2008-06-17 13:45:00,1.1,"Méthode inconnue liquide"
"31179","BV Cens","CENS à NANTES / 04146950","O2_insitu",2008-06-17 13:45:00,4.97,"Méthode inconnue liquide"
"31180","BV Cens","CENS à NANTES / 04146950","EC_25C_insitu",2008-06-17 13:45:00,275,"Méthode inconnue liquide"
"31181","BV Cens","CENS à NANTES / 04146950","pH_insitu",2008-06-17 13:45:00,7.3,"Méthode inconnue liquide"
"31182","BV Cens","CENS à NANTES / 04146950","Carbone organique dissous",2012-02-29 13:25:00,7,"Méthode inconnue liquide"
"31183","BV Cens","CENS à NANTES / 04146950","Phosphates",2012-02-29 13:25:00,0.21,"Méthode inconnue liquide"
"31184","BV Cens","CENS à NANTES / 04146950","Phosphore total",2012-02-29 13:25:00,0.13,"Méthode inconnue liquide"
"31185","BV Cens","CENS à NANTES / 04146950","Nitrates",2012-02-29 13:25:00,10.5,"Méthode inconnue liquide"
"31186","BV Cens","CENS à NANTES / 04146950","Nitrites",2012-02-29 13:25:00,0.06,"Méthode inconnue liquide"
"31187","BV Cens","CENS à NANTES / 04146950","Azote ammoniacal",2012-02-29 13:25:00,0.25,"Méthode inconnue liquide"
"31188","BV Cens","CENS à NANTES / 04146950","DBO5 sur échantillon homogène",2012-02-29 13:25:00,2.4,"Méthode inconnue liquide"
"31189","BV Cens","CENS à NANTES / 04146950","O2_insitu",2012-02-29 13:25:00,10.73,"Méthode inconnue liquide"
"31190","BV Cens","CENS à NANTES / 04146950","EC_25C_insitu",2012-02-29 13:25:00,290,"Méthode inconnue liquide"
"31191","BV Cens","CENS à NANTES / 04146950","pH_insitu",2012-02-29 13:25:00,7.39,"Méthode inconnue liquide"
"31192","BV Cens","CENS à NANTES / 04146950","Carbone organique dissous",2009-12-02 12:45:00,9.6,"Méthode inconnue liquide"
"31193","BV Cens","CENS à NANTES / 04146950","Phosphates",2009-12-02 12:45:00,0.13,"Méthode inconnue liquide"
"31194","BV Cens","CENS à NANTES / 04146950","Phosphore total",2009-12-02 12:45:00,0.13,"Méthode inconnue liquide"
"31195","BV Cens","CENS à NANTES / 04146950","Nitrates",2009-12-02 12:45:00,13.2,"Méthode inconnue liquide"
"31196","BV Cens","CENS à NANTES / 04146950","Nitrites",2009-12-02 12:45:00,0.08,"Méthode inconnue liquide"
"31197","BV Cens","CENS à NANTES / 04146950","Azote ammoniacal",2009-12-02 12:45:00,0.11,"Méthode inconnue liquide"
"31198","BV Cens","CENS à NANTES / 04146950","DBO5 sur échantillon homogène",2009-12-02 12:45:00,2.3,"Méthode inconnue liquide"
"31199","BV Cens","CENS à NANTES / 04146950","O2_insitu",2009-12-02 12:45:00,9.97,"Méthode inconnue liquide"
"31200","BV Cens","CENS à NANTES / 04146950","EC_25C_insitu",2009-12-02 12:45:00,283,"Méthode inconnue liquide"
"31201","BV Cens","CENS à NANTES / 04146950","pH_insitu",2009-12-02 12:45:00,8.08,"Méthode inconnue liquide"
"31202","BV Cens","CENS à NANTES / 04146950","Carbone organique dissous",2010-04-07 12:40:00,8.1,"Méthode inconnue liquide"
"31203","BV Cens","CENS à NANTES / 04146950","Phosphore total",2010-04-07 12:40:00,0.11,"Méthode inconnue liquide"
"31204","BV Cens","CENS à NANTES / 04146950","Nitrites",2010-04-07 12:40:00,0.05,"Méthode inconnue liquide"
"31205","BV Cens","CENS à NANTES / 04146950","DBO5 sur échantillon homogène",2010-04-07 12:40:00,1.5,"Méthode inconnue liquide"
"31206","BV Cens","CENS à NANTES / 04146950","EC_25C_insitu",2010-04-07 12:40:00,263,"Méthode inconnue liquide"
"31207","BV Cens","CENS à NANTES / 04146950","pH_insitu",2010-04-07 12:40:00,7.16,"Méthode inconnue liquide"
"31208","BV Cens","CENS à NANTES / 04146950","O2_insitu",2010-04-07 12:40:00,8.28,"Méthode inconnue liquide"
"31209","BV Cens","CENS à NANTES / 04146950","Azote ammoniacal",2010-04-07 12:40:00,0.06,"Méthode inconnue liquide"
"31210","BV Cens","CENS à NANTES / 04146950","Nitrates",2010-04-07 12:40:00,8.7,"Méthode inconnue liquide"
"31211","BV Cens","CENS à NANTES / 04146950","Phosphates",2010-04-07 12:40:00,0.21,"Méthode inconnue liquide"
"31212","BV Cens","CENS à NANTES / 04146950","Phosphates",2007-05-10 12:40:00,0.32,"Méthode inconnue liquide"
"31213","BV Cens","CENS à NANTES / 04146950","Nitrates",2007-05-10 12:40:00,9.6,"Méthode inconnue liquide"
"31545","BV Cens","CENS à NANTES / 04146950","Chlorures",2007-05-10 12:40:00,34,"Méthode inconnue liquide"
"31546","BV Cens","CENS à NANTES / 04146950","DCO sur échantillon homogène",2007-05-10 12:40:00,26,"Méthode inconnue liquide"
"31547","BV Cens","CENS à NANTES / 04146950","O2_insitu",2007-05-10 12:40:00,11.4,"Méthode inconnue liquide"
"31548","BV Cens","CENS à NANTES / 04146950","pH_insitu",2007-05-10 12:40:00,7.18,"Méthode inconnue liquide"
"31549","BV Cens","CENS à NANTES / 04146950","EC_25C_insitu",2007-05-10 12:40:00,275,"Méthode inconnue liquide"
"31550","BV Cens","CENS à NANTES / 04146950","DBO5 sur échantillon homogène",2007-05-10 12:40:00,1.1,"Méthode inconnue liquide"
"31551","BV Cens","CENS à NANTES / 04146950","Azote ammoniacal",2007-05-10 12:40:00,0.19,"Méthode inconnue liquide"
"31552","BV Cens","CENS à NANTES / 04146950","Nitrites",2007-05-10 12:40:00,0.16,"Méthode inconnue liquide"
"31553","BV Cens","CENS à NANTES / 04146950","Phosphore total",2007-05-10 12:40:00,0.23,"Méthode inconnue liquide"
"31554","BV Cens","CENS à NANTES / 04146950","Carbone organique dissous",2010-12-02 12:30:00,8.2,"Méthode inconnue liquide"
"31555","BV Cens","CENS à NANTES / 04146950","Phosphore total",2010-12-02 12:30:00,0.09,"Méthode inconnue liquide"
"31556","BV Cens","CENS à NANTES / 04146950","Nitrites",2010-12-02 12:30:00,0.06,"Méthode inconnue liquide"
"31557","BV Cens","CENS à NANTES / 04146950","DBO5 sur échantillon homogène",2010-12-02 12:30:00,0.5,"Méthode inconnue liquide"
"31558","BV Cens","CENS à NANTES / 04146950","EC_25C_insitu",2010-12-02 12:30:00,290,"Méthode inconnue liquide"
"31559","BV Cens","CENS à NANTES / 04146950","pH_insitu",2010-12-02 12:30:00,7.19,"Méthode inconnue liquide"
"31560","BV Cens","CENS à NANTES / 04146950","O2_insitu",2010-12-02 12:30:00,11.4,"Méthode inconnue liquide"
"31561","BV Cens","CENS à NANTES / 04146950","Azote ammoniacal",2010-12-02 12:30:00,0.07,"Méthode inconnue liquide"
"31562","BV Cens","CENS à NANTES / 04146950","Nitrates",2010-12-02 12:30:00,14,"Méthode inconnue liquide"
"31563","BV Cens","CENS à NANTES / 04146950","Phosphates",2010-12-02 12:30:00,0.19,"Méthode inconnue liquide"
"31564","BV Cens","CENS à NANTES / 04146950","Carbone organique dissous",2015-12-16 12:15:00,9.3,"Méthode inconnue liquide"
"31565","BV Cens","CENS à NANTES / 04146950","Phosphates",2015-12-16 12:15:00,0.32,"Méthode inconnue liquide"
"31566","BV Cens","CENS à NANTES / 04146950","Phosphore total",2015-12-16 12:15:00,0.19,"Méthode inconnue liquide"
"31567","BV Cens","CENS à NANTES / 04146950","Nitrates",2015-12-16 12:15:00,9.5,"Méthode inconnue liquide"
"31568","BV Cens","CENS à NANTES / 04146950","Nitrites",2015-12-16 12:15:00,0.1,"Méthode inconnue liquide"
"31569","BV Cens","CENS à NANTES / 04146950","Azote ammoniacal",2015-12-16 12:15:00,0.17,"Méthode inconnue liquide"
"31570","BV Cens","CENS à NANTES / 04146950","DBO5 sur échantillon homogène",2015-12-16 12:15:00,1.3,"Méthode inconnue liquide"
"31571","BV Cens","CENS à NANTES / 04146950","O2_insitu",2015-12-16 12:15:00,10.2,"Méthode inconnue liquide"
"31572","BV Cens","CENS à NANTES / 04146950","EC_25C_insitu",2015-12-16 12:15:00,247,"Méthode inconnue liquide"
"31573","BV Cens","CENS à NANTES / 04146950","pH_insitu",2015-12-16 12:15:00,7.79,"Méthode inconnue liquide"
"31574","BV Cens","CENS à NANTES / 04146950","Carbone organique dissous",2014-10-29 11:50:00,5.3,"Méthode inconnue liquide"
"31575","BV Cens","CENS à NANTES / 04146950","Phosphates",2014-10-29 11:50:00,0.37,"Méthode inconnue liquide"
"31576","BV Cens","CENS à NANTES / 04146950","Phosphore total",2014-10-29 11:50:00,0.16,"Méthode inconnue liquide"
"31577","BV Cens","CENS à NANTES / 04146950","Nitrates",2014-10-29 11:50:00,4.9,"Méthode inconnue liquide"
"31578","BV Cens","CENS à NANTES / 04146950","Nitrites",2014-10-29 11:50:00,0.07,"Méthode inconnue liquide"
"31579","BV Cens","CENS à NANTES / 04146950","Azote ammoniacal",2014-10-29 11:50:00,0.21,"Méthode inconnue liquide"
"31580","BV Cens","CENS à NANTES / 04146950","DBO5 sur échantillon homogène",2014-10-29 11:50:00,1.5,"Méthode inconnue liquide"
"31581","BV Cens","CENS à NANTES / 04146950","O2_insitu",2014-10-29 11:50:00,4.88,"Méthode inconnue liquide"
"31582","BV Cens","CENS à NANTES / 04146950","EC_25C_insitu",2014-10-29 11:50:00,300,"Méthode inconnue liquide"
"31583","BV Cens","CENS à NANTES / 04146950","pH_insitu",2014-10-29 11:50:00,6.72,"Méthode inconnue liquide"
"31584","BV Cens","CENS à NANTES / 04146950","Carbone organique dissous",2013-10-29 11:40:00,9.2,"Méthode inconnue liquide"
"31585","BV Cens","CENS à NANTES / 04146950","Phosphore total",2013-10-29 11:40:00,0.2,"Méthode inconnue liquide"
"31586","BV Cens","CENS à NANTES / 04146950","Nitrites",2013-10-29 11:40:00,0.11,"Méthode inconnue liquide"
"31587","BV Cens","CENS à NANTES / 04146950","DBO5 sur échantillon homogène",2013-10-29 11:40:00,2.5,"Méthode inconnue liquide"
"31588","BV Cens","CENS à NANTES / 04146950","EC_25C_insitu",2013-10-29 11:40:00,258,"Méthode inconnue liquide"
"31589","BV Cens","CENS à NANTES / 04146950","pH_insitu",2013-10-29 11:40:00,6.84,"Méthode inconnue liquide"
"31590","BV Cens","CENS à NANTES / 04146950","O2_insitu",2013-10-29 11:40:00,8.64,"Méthode inconnue liquide"
"31591","BV Cens","CENS à NANTES / 04146950","Azote ammoniacal",2013-10-29 11:40:00,0.29,"Méthode inconnue liquide"
"31592","BV Cens","CENS à NANTES / 04146950","Nitrates",2013-10-29 11:40:00,7.9,"Méthode inconnue liquide"
"31593","BV Cens","CENS à NANTES / 04146950","Phosphates",2013-10-29 11:40:00,0.4,"Méthode inconnue liquide"
"31594","BV Cens","CENS à NANTES / 04146950","Carbone organique dissous",2011-02-14 11:30:00,5.9,"Méthode inconnue liquide"
"31595","BV Cens","CENS à NANTES / 04146950","Phosphates",2011-02-14 11:30:00,0.21,"Méthode inconnue liquide"
"31596","BV Cens","CENS à NANTES / 04146950","Phosphore total",2011-02-14 11:30:00,0.09,"Méthode inconnue liquide"
"31597","BV Cens","CENS à NANTES / 04146950","Nitrates",2011-02-14 11:30:00,10.6,"Méthode inconnue liquide"
"31598","BV Cens","CENS à NANTES / 04146950","Nitrites",2011-02-14 11:30:00,0.05,"Méthode inconnue liquide"
"31599","BV Cens","CENS à NANTES / 04146950","Azote ammoniacal",2011-02-14 11:30:00,0.09,"Méthode inconnue liquide"
"31600","BV Cens","CENS à NANTES / 04146950","DBO5 sur échantillon homogène",2011-02-14 11:30:00,1,"Méthode inconnue liquide"
"31601","BV Cens","CENS à NANTES / 04146950","O2_insitu",2011-02-14 11:30:00,10.79,"Méthode inconnue liquide"
"31602","BV Cens","CENS à NANTES / 04146950","EC_25C_insitu",2011-02-14 11:30:00,246,"Méthode inconnue liquide"
"31603","BV Cens","CENS à NANTES / 04146950","pH_insitu",2011-02-14 11:30:00,7.4,"Méthode inconnue liquide"
"31604","BV Cens","CENS à NANTES / 04146950","pH_insitu",2014-06-30 11:20:00,7.27,"Méthode inconnue liquide"
"31605","BV Cens","CENS à NANTES / 04146950","EC_25C_insitu",2014-06-30 11:20:00,244,"Méthode inconnue liquide"
"31606","BV Cens","CENS à NANTES / 04146950","O2_insitu",2014-06-30 11:20:00,6.77,"Méthode inconnue liquide"
"31607","BV Cens","CENS à NANTES / 04146950","DBO5 sur échantillon homogène",2014-06-30 11:20:00,2.7,"Méthode inconnue liquide"
"31608","BV Cens","CENS à NANTES / 04146950","Azote ammoniacal",2014-06-30 11:20:00,0.42,"Méthode inconnue liquide"
"31609","BV Cens","CENS à NANTES / 04146950","Nitrites",2014-06-30 11:20:00,0.1,"Méthode inconnue liquide"
"31610","BV Cens","CENS à NANTES / 04146950","Nitrates",2014-06-30 11:20:00,4.6,"Méthode inconnue liquide"
"31611","BV Cens","CENS à NANTES / 04146950","Phosphore total",2014-06-30 11:20:00,0.21,"Méthode inconnue liquide"
"31612","BV Cens","CENS à NANTES / 04146950","Phosphates",2014-06-30 11:20:00,0.34,"Méthode inconnue liquide"
"31613","BV Cens","CENS à NANTES / 04146950","Carbone organique dissous",2014-06-30 11:20:00,5.6,"Méthode inconnue liquide"
"31614","BV Cens","CENS à NANTES / 04146950","Carbone organique dissous",2013-03-01 11:15:00,5.8,"Méthode inconnue liquide"
"31615","BV Cens","CENS à NANTES / 04146950","Phosphore total",2013-03-01 11:15:00,0.08,"Méthode inconnue liquide"
"31616","BV Cens","CENS à NANTES / 04146950","Nitrites",2013-03-01 11:15:00,0.05,"Méthode inconnue liquide"
"31617","BV Cens","CENS à NANTES / 04146950","DBO5 sur échantillon homogène",2013-03-01 11:15:00,0.7,"Méthode inconnue liquide"
"31618","BV Cens","CENS à NANTES / 04146950","EC_25C_insitu",2013-03-01 11:15:00,255,"Méthode inconnue liquide"
"31619","BV Cens","CENS à NANTES / 04146950","pH_insitu",2013-03-01 11:15:00,6.94,"Méthode inconnue liquide"
"31620","BV Cens","CENS à NANTES / 04146950","O2_insitu",2013-03-01 11:15:00,12.07,"Méthode inconnue liquide"
"31621","BV Cens","CENS à NANTES / 04146950","Azote ammoniacal",2013-03-01 11:15:00,0.05,"Méthode inconnue liquide"
"31622","BV Cens","CENS à NANTES / 04146950","Nitrates",2013-03-01 11:15:00,13.7,"Méthode inconnue liquide"
"31623","BV Cens","CENS à NANTES / 04146950","Phosphates",2013-03-01 11:15:00,0.14,"Méthode inconnue liquide"
"31624","BV Cens","CENS à NANTES / 04146950","Carbone organique dissous",2016-08-26 11:15:00,4.6,"Méthode inconnue liquide"
"31625","BV Cens","CENS à NANTES / 04146950","Phosphore total",2016-08-26 11:15:00,0.23,"Méthode inconnue liquide"
"31626","BV Cens","CENS à NANTES / 04146950","Nitrites",2016-08-26 11:15:00,0.2,"Méthode inconnue liquide"
"31627","BV Cens","CENS à NANTES / 04146950","DBO5 sur échantillon homogène",2016-08-26 11:15:00,1.4,"Méthode inconnue liquide"
"31628","BV Cens","CENS à NANTES / 04146950","EC_25C_insitu",2016-08-26 11:15:00,354,"Méthode inconnue liquide"
"31629","BV Cens","CENS à NANTES / 04146950","pH_insitu",2016-08-26 11:15:00,7.5,"Méthode inconnue liquide"
"31630","BV Cens","CENS à NANTES / 04146950","O2_insitu",2016-08-26 11:15:00,2.29,"Méthode inconnue liquide"
"31631","BV Cens","CENS à NANTES / 04146950","Azote ammoniacal",2016-08-26 11:15:00,0.48,"Méthode inconnue liquide"
"31632","BV Cens","CENS à NANTES / 04146950","Nitrates",2016-08-26 11:15:00,5.5,"Méthode inconnue liquide"
"31633","BV Cens","CENS à NANTES / 04146950","Phosphates",2016-08-26 11:15:00,0.43,"Méthode inconnue liquide"
"31634","BV Cens","CENS à NANTES / 04146950","Carbone organique dissous",2016-02-09 11:05:00,9.3,"Méthode inconnue liquide"
"31635","BV Cens","CENS à NANTES / 04146950","Phosphates",2016-02-09 11:05:00,0.31,"Méthode inconnue liquide"
"31636","BV Cens","CENS à NANTES / 04146950","Phosphore total",2016-02-09 11:05:00,0.16,"Méthode inconnue liquide"
"31637","BV Cens","CENS à NANTES / 04146950","Nitrates",2016-02-09 11:05:00,9.4,"Méthode inconnue liquide"
"31638","BV Cens","CENS à NANTES / 04146950","Nitrites",2016-02-09 11:05:00,0.05,"Méthode inconnue liquide"
"31639","BV Cens","CENS à NANTES / 04146950","Azote ammoniacal",2016-02-09 11:05:00,0.08,"Méthode inconnue liquide"
"31640","BV Cens","CENS à NANTES / 04146950","DBO5 sur échantillon homogène",2016-02-09 11:05:00,1.8,"Méthode inconnue liquide"
"31641","BV Cens","CENS à NANTES / 04146950","O2_insitu",2016-02-09 11:05:00,11.1,"Méthode inconnue liquide"
"31642","BV Cens","CENS à NANTES / 04146950","EC_25C_insitu",2016-02-09 11:05:00,203,"Méthode inconnue liquide"
"31643","BV Cens","CENS à NANTES / 04146950","pH_insitu",2016-02-09 11:05:00,7.44,"Méthode inconnue liquide"
"31644","BV Cens","CENS à NANTES / 04146950","Carbone organique dissous",2012-06-08 11:05:00,7.5,"Méthode inconnue liquide"
"31645","BV Cens","CENS à NANTES / 04146950","Phosphates",2012-06-08 11:05:00,0.38,"Méthode inconnue liquide"
"31646","BV Cens","CENS à NANTES / 04146950","Phosphore total",2012-06-08 11:05:00,0.24,"Méthode inconnue liquide"
"31647","BV Cens","CENS à NANTES / 04146950","Nitrates",2012-06-08 11:05:00,5.5,"Méthode inconnue liquide"
"31648","BV Cens","CENS à NANTES / 04146950","Nitrites",2012-06-08 11:05:00,0.12,"Méthode inconnue liquide"
"31649","BV Cens","CENS à NANTES / 04146950","Azote ammoniacal",2012-06-08 11:05:00,0.27,"Méthode inconnue liquide"
"31650","BV Cens","CENS à NANTES / 04146950","DBO5 sur échantillon homogène",2012-06-08 11:05:00,3,"Méthode inconnue liquide"
"31651","BV Cens","CENS à NANTES / 04146950","O2_insitu",2012-06-08 11:05:00,6.86,"Méthode inconnue liquide"
"31652","BV Cens","CENS à NANTES / 04146950","EC_25C_insitu",2012-06-08 11:05:00,225,"Méthode inconnue liquide"
"31653","BV Cens","CENS à NANTES / 04146950","pH_insitu",2012-06-08 11:05:00,7.06,"Méthode inconnue liquide"
"31654","BV Cens","CENS à NANTES / 04146950","Phosphates",2015-04-14 11:00:00,0.23,"Méthode inconnue liquide"
"31655","BV Cens","CENS à NANTES / 04146950","Nitrates",2015-04-14 11:00:00,9.3,"Méthode inconnue liquide"
"31656","BV Cens","CENS à NANTES / 04146950","O2_insitu",2015-04-14 11:00:00,9.54,"Méthode inconnue liquide"
"31657","BV Cens","CENS à NANTES / 04146950","pH_insitu",2015-04-14 11:00:00,6.91,"Méthode inconnue liquide"
"31658","BV Cens","CENS à NANTES / 04146950","EC_25C_insitu",2015-04-14 11:00:00,264,"Méthode inconnue liquide"
"31659","BV Cens","CENS à NANTES / 04146950","DBO5 sur échantillon homogène",2015-04-14 11:00:00,1.5,"Méthode inconnue liquide"
"31660","BV Cens","CENS à NANTES / 04146950","Azote ammoniacal",2015-04-14 11:00:00,0.11,"Méthode inconnue liquide"
"31661","BV Cens","CENS à NANTES / 04146950","Nitrites",2015-04-14 11:00:00,0.05,"Méthode inconnue liquide"
"31662","BV Cens","CENS à NANTES / 04146950","Phosphore total",2015-04-14 11:00:00,0.12,"Méthode inconnue liquide"
"31663","BV Cens","CENS à NANTES / 04146950","Carbone organique dissous",2015-04-14 11:00:00,5.2,"Méthode inconnue liquide"
"31664","BV Cens","CENS à NANTES / 04146950","Phosphates",2008-11-24 11:00:00,0.22,"Méthode inconnue liquide"
"31665","BV Cens","CENS à NANTES / 04146950","Nitrates",2008-11-24 11:00:00,5.5,"Méthode inconnue liquide"
"31666","BV Cens","CENS à NANTES / 04146950","Azote ammoniacal",2008-11-24 11:00:00,0.06,"Méthode inconnue liquide"
"31667","BV Cens","CENS à NANTES / 04146950","DCO sur échantillon homogène",2008-11-24 11:00:00,17,"Méthode inconnue liquide"
"31668","BV Cens","CENS à NANTES / 04146950","O2_insitu",2008-11-24 11:00:00,8.68,"Méthode inconnue liquide"
"31669","BV Cens","CENS à NANTES / 04146950","pH_insitu",2008-11-24 11:00:00,7.03,"Méthode inconnue liquide"
"31670","BV Cens","CENS à NANTES / 04146950","EC_25C_insitu",2008-11-24 11:00:00,200,"Méthode inconnue liquide"
"31671","BV Cens","CENS à NANTES / 04146950","DBO5 sur échantillon homogène",2008-11-24 11:00:00,2.3,"Méthode inconnue liquide"
"31672","BV Cens","CENS à NANTES / 04146950","Chlorures",2008-11-24 11:00:00,19,"Méthode inconnue liquide"
"31673","BV Cens","CENS à NANTES / 04146950","Nitrites",2008-11-24 11:00:00,0.09,"Méthode inconnue liquide"
"31674","BV Cens","CENS à NANTES / 04146950","Phosphore total",2008-11-24 11:00:00,0.12,"Méthode inconnue liquide"
"31675","BV Cens","CENS à NANTES / 04146950","Carbone organique dissous",2008-11-24 11:00:00,6.5,"Méthode inconnue liquide"
"31676","BV Cens","CENS à NANTES / 04146950","Phosphates",2011-08-23 10:50:00,0.38,"Méthode inconnue liquide"
"31677","BV Cens","CENS à NANTES / 04146950","Nitrates",2011-08-23 10:50:00,3.2,"Méthode inconnue liquide"
"31678","BV Cens","CENS à NANTES / 04146950","Azote ammoniacal",2011-08-23 10:50:00,0.3,"Méthode inconnue liquide"
"31679","BV Cens","CENS à NANTES / 04146950","O2_insitu",2011-08-23 10:50:00,6.73,"Méthode inconnue liquide"
"31680","BV Cens","CENS à NANTES / 04146950","pH_insitu",2011-08-23 10:50:00,6.48,"Méthode inconnue liquide"
"31681","BV Cens","CENS à NANTES / 04146950","EC_25C_insitu",2011-08-23 10:50:00,158,"Méthode inconnue liquide"
"31682","BV Cens","CENS à NANTES / 04146950","DBO5 sur échantillon homogène",2011-08-23 10:50:00,3.5,"Méthode inconnue liquide"
"31683","BV Cens","CENS à NANTES / 04146950","Nitrites",2011-08-23 10:50:00,0.1,"Méthode inconnue liquide"
"31684","BV Cens","CENS à NANTES / 04146950","Phosphore total",2011-08-23 10:50:00,0.26,"Méthode inconnue liquide"
"31685","BV Cens","CENS à NANTES / 04146950","Carbone organique dissous",2011-08-23 10:50:00,7,"Méthode inconnue liquide"
"31686","BV Cens","CENS à NANTES / 04146950","Carbone organique dissous",2015-08-27 10:40:00,4.6,"Méthode inconnue liquide"
"31687","BV Cens","CENS à NANTES / 04146950","Phosphore total",2015-08-27 10:40:00,0.21,"Méthode inconnue liquide"
"31688","BV Cens","CENS à NANTES / 04146950","Nitrites",2015-08-27 10:40:00,0.03,"Méthode inconnue liquide"
"31689","BV Cens","CENS à NANTES / 04146950","DBO5 sur échantillon homogène",2015-08-27 10:40:00,2.4,"Méthode inconnue liquide"
"31690","BV Cens","CENS à NANTES / 04146950","EC_25C_insitu",2015-08-27 10:40:00,91,"Méthode inconnue liquide"
"31691","BV Cens","CENS à NANTES / 04146950","pH_insitu",2015-08-27 10:40:00,7.37,"Méthode inconnue liquide"
"31692","BV Cens","CENS à NANTES / 04146950","O2_insitu",2015-08-27 10:40:00,8.38,"Méthode inconnue liquide"
"31693","BV Cens","CENS à NANTES / 04146950","Azote ammoniacal",2015-08-27 10:40:00,0.11,"Méthode inconnue liquide"
"31694","BV Cens","CENS à NANTES / 04146950","Nitrates",2015-08-27 10:40:00,2.4,"Méthode inconnue liquide"
"31695","BV Cens","CENS à NANTES / 04146950","Phosphates",2015-08-27 10:40:00,0.34,"Méthode inconnue liquide"
"31696","BV Cens","CENS à NANTES / 04146950","Carbone organique dissous",2010-10-19 10:35:00,6,"Méthode inconnue liquide"
"31697","BV Cens","CENS à NANTES / 04146950","Phosphates",2010-10-19 10:35:00,0.17,"Méthode inconnue liquide"
"31698","BV Cens","CENS à NANTES / 04146950","Phosphore total",2010-10-19 10:35:00,0.08,"Méthode inconnue liquide"
"31699","BV Cens","CENS à NANTES / 04146950","Nitrates",2010-10-19 10:35:00,4,"Méthode inconnue liquide"
"31700","BV Cens","CENS à NANTES / 04146950","Nitrites",2010-10-19 10:35:00,0.02,"Méthode inconnue liquide"
"31701","BV Cens","CENS à NANTES / 04146950","Azote ammoniacal",2010-10-19 10:35:00,0.05,"Méthode inconnue liquide"
"31702","BV Cens","CENS à NANTES / 04146950","DBO5 sur échantillon homogène",2010-10-19 10:35:00,1.1,"Méthode inconnue liquide"
"31703","BV Cens","CENS à NANTES / 04146950","O2_insitu",2010-10-19 10:35:00,10.6,"Méthode inconnue liquide"
"31704","BV Cens","CENS à NANTES / 04146950","EC_25C_insitu",2010-10-19 10:35:00,310,"Méthode inconnue liquide"
"31705","BV Cens","CENS à NANTES / 04146950","pH_insitu",2010-10-19 10:35:00,7.25,"Méthode inconnue liquide"
"31706","BV Cens","CENS à NANTES / 04146950","Carbone organique dissous",2009-06-08 10:30:00,6.6,"Méthode inconnue liquide"
"31707","BV Cens","CENS à NANTES / 04146950","Phosphates",2009-06-08 10:30:00,0.51,"Méthode inconnue liquide"
"31708","BV Cens","CENS à NANTES / 04146950","Phosphore total",2009-06-08 10:30:00,0.23,"Méthode inconnue liquide"
"31709","BV Cens","CENS à NANTES / 04146950","Nitrates",2009-06-08 10:30:00,7.9,"Méthode inconnue liquide"
"31710","BV Cens","CENS à NANTES / 04146950","Nitrites",2009-06-08 10:30:00,0.15,"Méthode inconnue liquide"
"31711","BV Cens","CENS à NANTES / 04146950","DBO5 sur échantillon homogène",2009-06-08 10:30:00,1.8,"Méthode inconnue liquide"
"31712","BV Cens","CENS à NANTES / 04146950","O2_insitu",2009-06-08 10:30:00,4.54,"Méthode inconnue liquide"
"31713","BV Cens","CENS à NANTES / 04146950","EC_25C_insitu",2009-06-08 10:30:00,283,"Méthode inconnue liquide"
"31714","BV Cens","CENS à NANTES / 04146950","pH_insitu",2009-06-08 10:30:00,6.88,"Méthode inconnue liquide"
"31715","BV Cens","CENS à NANTES / 04146950","Azote ammoniacal",2009-06-08 10:30:00,0.32,"Méthode inconnue liquide"
"31750","BV Cens","CENS à NANTES / 04146950","pH_insitu",2016-12-16 11:25:00,5.8,"Méthode inconnue liquide"
"31751","BV Cens","CENS à NANTES / 04146950","EC_25C_insitu",2016-12-16 11:25:00,336,"Méthode inconnue liquide"
"31752","BV Cens","CENS à NANTES / 04146950","O2_insitu",2016-12-16 11:25:00,8.59,"Méthode inconnue liquide"
"32198","BV Cens","CENS à NANTES / 04146950","DBO5 sur échantillon homogène",2016-12-16 11:25:00,1.2,"Méthode inconnue liquide"
"32199","BV Cens","CENS à NANTES / 04146950","Azote ammoniacal",2016-12-16 11:25:00,0.44,"Méthode inconnue liquide"
"32200","BV Cens","CENS à NANTES / 04146950","Nitrites",2016-12-16 11:25:00,0.1,"Méthode inconnue liquide"
"32201","BV Cens","CENS à NANTES / 04146950","Nitrates",2016-12-16 11:25:00,7.2,"Méthode inconnue liquide"
"32202","BV Cens","CENS à NANTES / 04146950","Phosphore total",2016-12-16 11:25:00,0.15,"Méthode inconnue liquide"
"32203","BV Cens","CENS à NANTES / 04146950","Phosphates",2016-12-16 11:25:00,0.36,"Méthode inconnue liquide"
"32204","BV Cens","CENS à ORVAULT / 04146920","pH_insitu",2017-02-16 11:40:00,6.77,"Méthode inconnue liquide"
"32205","BV Cens","CENS à ORVAULT / 04146920","EC_25C_insitu",2017-02-16 11:40:00,277,"Méthode inconnue liquide"
"32206","BV Cens","CENS à ORVAULT / 04146920","O2_insitu",2017-02-16 11:40:00,12.61,"Méthode inconnue liquide"
"32207","BV Cens","CENS à ORVAULT / 04146920","DBO5 sur échantillon homogène",2017-02-16 11:40:00,1.3,"Méthode inconnue liquide"
"32208","BV Cens","CENS à ORVAULT / 04146920","Azote ammoniacal",2017-02-16 11:40:00,0.03,"Méthode inconnue liquide"
"32209","BV Cens","CENS à ORVAULT / 04146920","Nitrites",2017-02-16 11:40:00,0.05,"Méthode inconnue liquide"
"32210","BV Cens","CENS à ORVAULT / 04146920","Nitrates",2017-02-16 11:40:00,15.4,"Méthode inconnue liquide"
"32211","BV Cens","CENS à ORVAULT / 04146920","Phosphore total",2017-02-16 11:40:00,0.07,"Méthode inconnue liquide"
"32212","BV Cens","CENS à ORVAULT / 04146920","Phosphates",2017-02-16 11:40:00,0.14,"Méthode inconnue liquide"
"32213","BV Cens","CENS à NANTES / 04146950","Phosphates",2016-10-25 11:15:00,0.24,"Méthode inconnue liquide"
"32214","BV Cens","CENS à NANTES / 04146950","Phosphore total",2016-10-25 11:15:00,0.13,"Méthode inconnue liquide"
"32215","BV Cens","CENS à NANTES / 04146950","Nitrates",2016-10-25 11:15:00,4.3,"Méthode inconnue liquide"
"32216","BV Cens","CENS à NANTES / 04146950","Nitrites",2016-10-25 11:15:00,0.05,"Méthode inconnue liquide"
"32217","BV Cens","CENS à NANTES / 04146950","Azote ammoniacal",2016-10-25 11:15:00,0.17,"Méthode inconnue liquide"
"32218","BV Cens","CENS à NANTES / 04146950","DBO5 sur échantillon homogène",2016-10-25 11:15:00,2.2,"Méthode inconnue liquide"
"32219","BV Cens","CENS à NANTES / 04146950","O2_insitu",2016-10-25 11:15:00,7.09,"Méthode inconnue liquide"
"32220","BV Cens","CENS à NANTES / 04146950","EC_25C_insitu",2016-10-25 11:15:00,228,"Méthode inconnue liquide"
"32221","BV Cens","CENS à NANTES / 04146950","pH_insitu",2016-10-25 11:15:00,6.65,"Méthode inconnue liquide"
"32723","BV Cens","CENS à NANTES / 04146950","Carbone organique dissous",2015-10-28 10:30:00,8.1,"Méthode inconnue liquide"
"32724","BV Cens","CENS à NANTES / 04146950","Phosphates",2015-10-28 10:30:00,0.54,"Méthode inconnue liquide"
"32725","BV Cens","CENS à NANTES / 04146950","Phosphore total",2015-10-28 10:30:00,0.25,"Méthode inconnue liquide"
"32726","BV Cens","CENS à NANTES / 04146950","Nitrates",2015-10-28 10:30:00,4.7,"Méthode inconnue liquide"
"32727","BV Cens","CENS à NANTES / 04146950","Nitrites",2015-10-28 10:30:00,0.06,"Méthode inconnue liquide"
"32728","BV Cens","CENS à NANTES / 04146950","DBO5 sur échantillon homogène",2015-10-28 10:30:00,3,"Méthode inconnue liquide"
"32729","BV Cens","CENS à NANTES / 04146950","O2_insitu",2015-10-28 10:30:00,7.1,"Méthode inconnue liquide"
"32730","BV Cens","CENS à NANTES / 04146950","EC_25C_insitu",2015-10-28 10:30:00,262,"Méthode inconnue liquide"
"32731","BV Cens","CENS à NANTES / 04146950","pH_insitu",2015-10-28 10:30:00,7.47,"Méthode inconnue liquide"
"32732","BV Cens","CENS à NANTES / 04146950","Azote ammoniacal",2015-10-28 10:30:00,0.21,"Méthode inconnue liquide"
"32733","BV Cens","CENS à NANTES / 04146950","pH_insitu",2009-08-04 10:20:00,6.97,"Méthode inconnue liquide"
"32734","BV Cens","CENS à NANTES / 04146950","EC_25C_insitu",2009-08-04 10:20:00,256,"Méthode inconnue liquide"
"32735","BV Cens","CENS à NANTES / 04146950","O2_insitu",2009-08-04 10:20:00,3.09,"Méthode inconnue liquide"
"32736","BV Cens","CENS à NANTES / 04146950","DBO5 sur échantillon homogène",2009-08-04 10:20:00,9.9,"Méthode inconnue liquide"
"32737","BV Cens","CENS à NANTES / 04146950","Azote ammoniacal",2009-08-04 10:20:00,0.63,"Méthode inconnue liquide"
"32738","BV Cens","CENS à NANTES / 04146950","Nitrites",2009-08-04 10:20:00,0.08,"Méthode inconnue liquide"
"32739","BV Cens","CENS à NANTES / 04146950","Nitrates",2009-08-04 10:20:00,2.2,"Méthode inconnue liquide"
"32740","BV Cens","CENS à NANTES / 04146950","Phosphore total",2009-08-04 10:20:00,0.36,"Méthode inconnue liquide"
"32741","BV Cens","CENS à NANTES / 04146950","Phosphates",2009-08-04 10:20:00,0.46,"Méthode inconnue liquide"
"32742","BV Cens","CENS à NANTES / 04146950","Carbone organique dissous",2009-08-04 10:20:00,9.2,"Méthode inconnue liquide"
"32743","BV Cens","CENS à NANTES / 04146950","pH_insitu",2009-04-01 10:15:00,7.29,"Méthode inconnue liquide"
"32744","BV Cens","CENS à NANTES / 04146950","EC_25C_insitu",2009-04-01 10:15:00,278,"Méthode inconnue liquide"
"32745","BV Cens","CENS à NANTES / 04146950","O2_insitu",2009-04-01 10:15:00,9.05,"Méthode inconnue liquide"
"32746","BV Cens","CENS à NANTES / 04146950","DBO5 sur échantillon homogène",2009-04-01 10:15:00,2.6,"Méthode inconnue liquide"
"32747","BV Cens","CENS à NANTES / 04146950","Azote ammoniacal",2009-04-01 10:15:00,0.22,"Méthode inconnue liquide"
"32748","BV Cens","CENS à NANTES / 04146950","Nitrites",2009-04-01 10:15:00,0.08,"Méthode inconnue liquide"
"32749","BV Cens","CENS à NANTES / 04146950","Nitrates",2009-04-01 10:15:00,9.4,"Méthode inconnue liquide"
"32750","BV Cens","CENS à NANTES / 04146950","Phosphore total",2009-04-01 10:15:00,0.1,"Méthode inconnue liquide"
"32751","BV Cens","CENS à NANTES / 04146950","Phosphates",2009-04-01 10:15:00,0.14,"Méthode inconnue liquide"
"32752","BV Cens","CENS à NANTES / 04146950","Carbone organique dissous",2009-04-01 10:15:00,6.8,"Méthode inconnue liquide"
"32753","BV Cens","CENS à NANTES / 04146950","Carbone organique dissous",2010-06-07 10:10:00,7.7,"Méthode inconnue liquide"
"32754","BV Cens","CENS à NANTES / 04146950","Phosphates",2010-06-07 10:10:00,0.42,"Méthode inconnue liquide"
"32755","BV Cens","CENS à NANTES / 04146950","Phosphore total",2010-06-07 10:10:00,0.22,"Méthode inconnue liquide"
"32756","BV Cens","CENS à NANTES / 04146950","Nitrates",2010-06-07 10:10:00,5,"Méthode inconnue liquide"
"32757","BV Cens","CENS à NANTES / 04146950","Nitrites",2010-06-07 10:10:00,0.19,"Méthode inconnue liquide"
"32758","BV Cens","CENS à NANTES / 04146950","Azote ammoniacal",2010-06-07 10:10:00,0.35,"Méthode inconnue liquide"
"32759","BV Cens","CENS à NANTES / 04146950","DBO5 sur échantillon homogène",2010-06-07 10:10:00,2.3,"Méthode inconnue liquide"
"32760","BV Cens","CENS à NANTES / 04146950","O2_insitu",2010-06-07 10:10:00,5,"Méthode inconnue liquide"
"32761","BV Cens","CENS à NANTES / 04146950","EC_25C_insitu",2010-06-07 10:10:00,198,"Méthode inconnue liquide"
"32762","BV Cens","CENS à NANTES / 04146950","pH_insitu",2010-06-07 10:10:00,6.54,"Méthode inconnue liquide"
"32763","BV Cens","CENS à NANTES / 04146950","Carbone organique dissous",2011-06-08 10:01:00,9.8,"Méthode inconnue liquide"
"32764","BV Cens","CENS à NANTES / 04146950","Phosphates",2011-06-08 10:01:00,0.35,"Méthode inconnue liquide"
"32765","BV Cens","CENS à NANTES / 04146950","Phosphore total",2011-06-08 10:01:00,0.19,"Méthode inconnue liquide"
"32766","BV Cens","CENS à NANTES / 04146950","Nitrates",2011-06-08 10:01:00,6.7,"Méthode inconnue liquide"
"32767","BV Cens","CENS à NANTES / 04146950","Nitrites",2011-06-08 10:01:00,0.11,"Méthode inconnue liquide"
"32768","BV Cens","CENS à NANTES / 04146950","Azote ammoniacal",2011-06-08 10:01:00,0.22,"Méthode inconnue liquide"
"32769","BV Cens","CENS à NANTES / 04146950","DBO5 sur échantillon homogène",2011-06-08 10:01:00,1.9,"Méthode inconnue liquide"
"32770","BV Cens","CENS à NANTES / 04146950","O2_insitu",2011-06-08 10:01:00,6.17,"Méthode inconnue liquide"
"32771","BV Cens","CENS à NANTES / 04146950","EC_25C_insitu",2011-06-08 10:01:00,256,"Méthode inconnue liquide"
"32772","BV Cens","CENS à NANTES / 04146950","pH_insitu",2011-06-08 10:01:00,7.04,"Méthode inconnue liquide"
"32773","BV Cens","CENS à NANTES / 04146950","Carbone organique dissous",2009-10-14 10:00:00,8.4,"Méthode inconnue liquide"
"32774","BV Cens","CENS à NANTES / 04146950","Phosphates",2009-10-14 10:00:00,0.81,"Méthode inconnue liquide"
"32775","BV Cens","CENS à NANTES / 04146950","Phosphore total",2009-10-14 10:00:00,0.29,"Méthode inconnue liquide"
"32776","BV Cens","CENS à NANTES / 04146950","Nitrates",2009-10-14 10:00:00,4,"Méthode inconnue liquide"
"32777","BV Cens","CENS à NANTES / 04146950","Nitrites",2009-10-14 10:00:00,0.19,"Méthode inconnue liquide"
"32778","BV Cens","CENS à NANTES / 04146950","Azote ammoniacal",2009-10-14 10:00:00,0.41,"Méthode inconnue liquide"
"32779","BV Cens","CENS à NANTES / 04146950","DBO5 sur échantillon homogène",2009-10-14 10:00:00,2.2,"Méthode inconnue liquide"
"32780","BV Cens","CENS à NANTES / 04146950","O2_insitu",2009-10-14 10:00:00,4.43,"Méthode inconnue liquide"
"32781","BV Cens","CENS à NANTES / 04146950","EC_25C_insitu",2009-10-14 10:00:00,302,"Méthode inconnue liquide"
"32782","BV Cens","CENS à NANTES / 04146950","pH_insitu",2009-10-14 10:00:00,8.06,"Méthode inconnue liquide"
"32783","BV Cens","CENS à NANTES / 04146950","pH_insitu",2013-04-12 09:50:00,7.13,"Méthode inconnue liquide"
"32784","BV Cens","CENS à NANTES / 04146950","EC_25C_insitu",2013-04-12 09:50:00,179,"Méthode inconnue liquide"
"32785","BV Cens","CENS à NANTES / 04146950","O2_insitu",2013-04-12 09:50:00,10.4,"Méthode inconnue liquide"
"32786","BV Cens","CENS à NANTES / 04146950","DBO5 sur échantillon homogène",2013-04-12 09:50:00,2,"Méthode inconnue liquide"
"32787","BV Cens","CENS à NANTES / 04146950","Azote ammoniacal",2013-04-12 09:50:00,0.06,"Méthode inconnue liquide"
"32788","BV Cens","CENS à NANTES / 04146950","Nitrites",2013-04-12 09:50:00,0.08,"Méthode inconnue liquide"
"32789","BV Cens","CENS à NANTES / 04146950","Nitrates",2013-04-12 09:50:00,6,"Méthode inconnue liquide"
"32790","BV Cens","CENS à NANTES / 04146950","Phosphore total",2013-04-12 09:50:00,0.17,"Méthode inconnue liquide"
"32791","BV Cens","CENS à NANTES / 04146950","Phosphates",2013-04-12 09:50:00,0.14,"Méthode inconnue liquide"
"32792","BV Cens","CENS à NANTES / 04146950","Carbone organique dissous",2013-04-12 09:50:00,9.1,"Méthode inconnue liquide"
"32793","BV Cens","CENS à NANTES / 04146950","pH_insitu",2007-09-24 09:30:00,7.4,"Méthode inconnue liquide"
"32794","BV Cens","CENS à NANTES / 04146950","EC_25C_insitu",2007-09-24 09:30:00,259,"Méthode inconnue liquide"
"32795","BV Cens","CENS à NANTES / 04146950","O2_insitu",2007-09-24 09:30:00,4.66,"Méthode inconnue liquide"
"32796","BV Cens","CENS à NANTES / 04146950","DBO5 sur échantillon homogène",2007-09-24 09:30:00,4,"Méthode inconnue liquide"
"32797","BV Cens","CENS à NANTES / 04146950","DCO sur échantillon homogène",2007-09-24 09:30:00,22,"Méthode inconnue liquide"
"32798","BV Cens","CENS à NANTES / 04146950","Azote ammoniacal",2007-09-24 09:30:00,0.21,"Méthode inconnue liquide"
"32799","BV Cens","CENS à NANTES / 04146950","Chlorures",2007-09-24 09:30:00,35,"Méthode inconnue liquide"
"32800","BV Cens","CENS à NANTES / 04146950","Nitrites",2007-09-24 09:30:00,0.07,"Méthode inconnue liquide"
"32801","BV Cens","CENS à NANTES / 04146950","Nitrates",2007-09-24 09:30:00,6.2,"Méthode inconnue liquide"
"32802","BV Cens","CENS à NANTES / 04146950","Phosphore total",2007-09-24 09:30:00,0.19,"Méthode inconnue liquide"
"32803","BV Cens","CENS à NANTES / 04146950","Phosphates",2007-09-24 09:30:00,0.22,"Méthode inconnue liquide"
"32804","BV Cens","CENS à ORVAULT / 04146920","Phosphates",2006-12-08 11:40:00,0.29,"Méthode inconnue liquide"
"32805","BV Cens","CENS à ORVAULT / 04146920","Phosphore total",2006-12-08 11:40:00,0.22,"Méthode inconnue liquide"
"32806","BV Cens","CENS à ORVAULT / 04146920","Nitrates",2006-12-08 11:40:00,10.9,"Méthode inconnue liquide"
"32807","BV Cens","CENS à ORVAULT / 04146920","Nitrites",2006-12-08 11:40:00,0.09,"Méthode inconnue liquide"
"32808","BV Cens","CENS à ORVAULT / 04146920","Chlorures",2006-12-08 11:40:00,28,"Méthode inconnue liquide"
"32809","BV Cens","CENS à ORVAULT / 04146920","Azote ammoniacal",2006-12-08 11:40:00,0.1,"Méthode inconnue liquide"
"32810","BV Cens","CENS à ORVAULT / 04146920","DCO sur échantillon homogène",2006-12-08 11:40:00,49,"Méthode inconnue liquide"
"32811","BV Cens","CENS à ORVAULT / 04146920","DBO5 sur échantillon homogène",2006-12-08 11:40:00,1.1,"Méthode inconnue liquide"
"32812","BV Cens","CENS à ORVAULT / 04146920","O2_insitu",2006-12-08 11:40:00,9.4,"Méthode inconnue liquide"
"32813","BV Cens","CENS à ORVAULT / 04146920","EC_25C_insitu",2006-12-08 11:40:00,201,"Méthode inconnue liquide"
"32814","BV Cens","CENS à ORVAULT / 04146920","pH_insitu",2006-12-08 11:40:00,6.92,"Méthode inconnue liquide"
"32815","BV Cens","CENS à NANTES / 04146950","pH_insitu",2010-07-27 09:40:00,6.93,"Méthode inconnue liquide"
"32816","BV Cens","CENS à NANTES / 04146950","EC_25C_insitu",2010-07-27 09:40:00,344,"Méthode inconnue liquide"
"32817","BV Cens","CENS à NANTES / 04146950","O2_insitu",2010-07-27 09:40:00,6.48,"Méthode inconnue liquide"
"32818","BV Cens","CENS à NANTES / 04146950","DBO5 sur échantillon homogène",2010-07-27 09:40:00,2.8,"Méthode inconnue liquide"
"32819","BV Cens","CENS à NANTES / 04146950","Azote ammoniacal",2010-07-27 09:40:00,0.98,"Méthode inconnue liquide"
"32820","BV Cens","CENS à NANTES / 04146950","Nitrites",2010-07-27 09:40:00,0.14,"Méthode inconnue liquide"
"32821","BV Cens","CENS à NANTES / 04146950","Nitrates",2010-07-27 09:40:00,5.9,"Méthode inconnue liquide"
"32822","BV Cens","CENS à NANTES / 04146950","Phosphore total",2010-07-27 09:40:00,0.33,"Méthode inconnue liquide"
"32823","BV Cens","CENS à NANTES / 04146950","Phosphates",2010-07-27 09:40:00,0.62,"Méthode inconnue liquide"
"32824","BV Cens","CENS à NANTES / 04146950","Carbone organique dissous",2010-07-27 09:40:00,6.9,"Méthode inconnue liquide"
"32825","BV Cens","CENS à NANTES / 04146950","Phosphates",2007-11-19 10:00:00,0.18,"Méthode inconnue liquide"
"32826","BV Cens","CENS à NANTES / 04146950","Phosphore total",2007-11-19 10:00:00,0.15,"Méthode inconnue liquide"
"32827","BV Cens","CENS à NANTES / 04146950","Nitrates",2007-11-19 10:00:00,6.5,"Méthode inconnue liquide"
"32828","BV Cens","CENS à NANTES / 04146950","Nitrites",2007-11-19 10:00:00,0.09,"Méthode inconnue liquide"
"32829","BV Cens","CENS à NANTES / 04146950","DCO sur échantillon homogène",2007-11-19 10:00:00,20,"Méthode inconnue liquide"
"32830","BV Cens","CENS à NANTES / 04146950","DBO5 sur échantillon homogène",2007-11-19 10:00:00,5.6,"Méthode inconnue liquide"
"32831","BV Cens","CENS à NANTES / 04146950","O2_insitu",2007-11-19 10:00:00,9.95,"Méthode inconnue liquide"
"32832","BV Cens","CENS à NANTES / 04146950","EC_25C_insitu",2007-11-19 10:00:00,263,"Méthode inconnue liquide"
"32833","BV Cens","CENS à NANTES / 04146950","pH_insitu",2007-11-19 10:00:00,7.88,"Méthode inconnue liquide"
"32834","BV Cens","CENS à NANTES / 04146950","Azote ammoniacal",2007-11-19 10:00:00,0.05,"Méthode inconnue liquide"
"32835","BV Cens","CENS à NANTES / 04146950","Chlorures",2007-11-19 10:00:00,31,"Méthode inconnue liquide"
"32836","BV Cens","CENS à NANTES / 04146950","Azote ammoniacal",2008-04-16 10:00:00,0.05,"Méthode inconnue liquide"
"32837","BV Cens","CENS à NANTES / 04146950","DCO sur échantillon homogène",2008-04-16 10:00:00,20,"Méthode inconnue liquide"
"32838","BV Cens","CENS à NANTES / 04146950","pH_insitu",2008-04-16 10:00:00,7.52,"Méthode inconnue liquide"
"32839","BV Cens","CENS à NANTES / 04146950","EC_25C_insitu",2008-04-16 10:00:00,282,"Méthode inconnue liquide"
"32840","BV Cens","CENS à NANTES / 04146950","O2_insitu",2008-04-16 10:00:00,9.37,"Méthode inconnue liquide"
"32841","BV Cens","CENS à NANTES / 04146950","DBO5 sur échantillon homogène",2008-04-16 10:00:00,2.7,"Méthode inconnue liquide"
"32842","BV Cens","CENS à NANTES / 04146950","Chlorures",2008-04-16 10:00:00,35,"Méthode inconnue liquide"
"32843","BV Cens","CENS à NANTES / 04146950","Nitrites",2008-04-16 10:00:00,0.04,"Méthode inconnue liquide"
"32844","BV Cens","CENS à NANTES / 04146950","Nitrates",2008-04-16 10:00:00,10.8,"Méthode inconnue liquide"
"32845","BV Cens","CENS à NANTES / 04146950","Phosphore total",2008-04-16 10:00:00,0.1,"Méthode inconnue liquide"
"32846","BV Cens","CENS à NANTES / 04146950","Phosphates",2008-04-16 10:00:00,0.13,"Méthode inconnue liquide"
"32847","BV Cens","CENS à NANTES / 04146950","Carbone organique dissous",2008-04-16 10:00:00,6,"Méthode inconnue liquide"
"32848","BV Cens","CENS à NANTES / 04146950","Carbone organique dissous",2014-02-27 10:05:00,7.7,"Méthode inconnue liquide"
"32849","BV Cens","CENS à NANTES / 04146950","Phosphates",2014-02-27 10:05:00,0.29,"Méthode inconnue liquide"
"32850","BV Cens","CENS à NANTES / 04146950","Phosphore total",2014-02-27 10:05:00,0.18,"Méthode inconnue liquide"
"32851","BV Cens","CENS à NANTES / 04146950","Nitrates",2014-02-27 10:05:00,5.4,"Méthode inconnue liquide"
"32852","BV Cens","CENS à NANTES / 04146950","Nitrites",2014-02-27 10:05:00,0.1,"Méthode inconnue liquide"
"32853","BV Cens","CENS à NANTES / 04146950","Azote ammoniacal",2014-02-27 10:05:00,0.37,"Méthode inconnue liquide"
"33330","BV Cens","CENS à NANTES / 04146950","DBO5 sur échantillon homogène",2014-02-27 10:05:00,2.2,"Méthode inconnue liquide"
"33331","BV Cens","CENS à NANTES / 04146950","O2_insitu",2014-02-27 10:05:00,10.48,"Méthode inconnue liquide"
"33332","BV Cens","CENS à NANTES / 04146950","EC_25C_insitu",2014-02-27 10:05:00,184,"Méthode inconnue liquide"
"33333","BV Cens","CENS à NANTES / 04146950","pH_insitu",2014-02-27 10:05:00,6.96,"Méthode inconnue liquide"
"33334","BV Cens","CENS à NANTES / 04146950","Chlorures",2007-06-12 10:15:00,35,"Méthode inconnue liquide"
"33335","BV Cens","CENS à NANTES / 04146950","Azote ammoniacal",2007-06-12 10:15:00,0.17,"Méthode inconnue liquide"
"33336","BV Cens","CENS à NANTES / 04146950","pH_insitu",2007-06-12 10:15:00,7.15,"Méthode inconnue liquide"
"33337","BV Cens","CENS à NANTES / 04146950","EC_25C_insitu",2007-06-12 10:15:00,255,"Méthode inconnue liquide"
"33338","BV Cens","CENS à NANTES / 04146950","O2_insitu",2007-06-12 10:15:00,6,"Méthode inconnue liquide"
"33339","BV Cens","CENS à NANTES / 04146950","DBO5 sur échantillon homogène",2007-06-12 10:15:00,0.9,"Méthode inconnue liquide"
"33340","BV Cens","CENS à NANTES / 04146950","DCO sur échantillon homogène",2007-06-12 10:15:00,33,"Méthode inconnue liquide"
"33341","BV Cens","CENS à NANTES / 04146950","Nitrites",2007-06-12 10:15:00,0.11,"Méthode inconnue liquide"
"33342","BV Cens","CENS à NANTES / 04146950","Nitrates",2007-06-12 10:15:00,10.1,"Méthode inconnue liquide"
"33343","BV Cens","CENS à NANTES / 04146950","Phosphore total",2007-06-12 10:15:00,0.14,"Méthode inconnue liquide"
"33344","BV Cens","CENS à NANTES / 04146950","Phosphates",2007-06-12 10:15:00,0.3,"Méthode inconnue liquide"
"33345","BV Cens","CENS à NANTES / 04146950","Carbone organique dissous",2008-07-22 10:15:00,7.6,"Méthode inconnue liquide"
"33346","BV Cens","CENS à NANTES / 04146950","Phosphates",2008-07-22 10:15:00,0.21,"Méthode inconnue liquide"
"33347","BV Cens","CENS à NANTES / 04146950","Phosphore total",2008-07-22 10:15:00,0.2,"Méthode inconnue liquide"
"33348","BV Cens","CENS à NANTES / 04146950","Nitrates",2008-07-22 10:15:00,1.6,"Méthode inconnue liquide"
"33349","BV Cens","CENS à NANTES / 04146950","Nitrites",2008-07-22 10:15:00,0.07,"Méthode inconnue liquide"
"33350","BV Cens","CENS à NANTES / 04146950","Chlorures",2008-07-22 10:15:00,35,"Méthode inconnue liquide"
"33351","BV Cens","CENS à NANTES / 04146950","DBO5 sur échantillon homogène",2008-07-22 10:15:00,9,"Méthode inconnue liquide"
"33352","BV Cens","CENS à NANTES / 04146950","O2_insitu",2008-07-22 10:15:00,7.71,"Méthode inconnue liquide"
"33353","BV Cens","CENS à NANTES / 04146950","EC_25C_insitu",2008-07-22 10:15:00,311,"Méthode inconnue liquide"
"33354","BV Cens","CENS à NANTES / 04146950","pH_insitu",2008-07-22 10:15:00,7.38,"Méthode inconnue liquide"
"33355","BV Cens","CENS à NANTES / 04146950","DCO sur échantillon homogène",2008-07-22 10:15:00,53,"Méthode inconnue liquide"
"33356","BV Cens","CENS à NANTES / 04146950","Azote ammoniacal",2008-07-22 10:15:00,0.11,"Méthode inconnue liquide"
"33357","BV Cens","CENS à NANTES / 04146950","Phosphates",2007-03-01 10:30:00,0.21,"Méthode inconnue liquide"
"33358","BV Cens","CENS à NANTES / 04146950","Phosphore total",2007-03-01 10:30:00,0.18,"Méthode inconnue liquide"
"33359","BV Cens","CENS à NANTES / 04146950","Nitrates",2007-03-01 10:30:00,7.9,"Méthode inconnue liquide"
"33360","BV Cens","CENS à NANTES / 04146950","Nitrites",2007-03-01 10:30:00,0.08,"Méthode inconnue liquide"
"33361","BV Cens","CENS à NANTES / 04146950","Chlorures",2007-03-01 10:30:00,27,"Méthode inconnue liquide"
"33362","BV Cens","CENS à NANTES / 04146950","Azote ammoniacal",2007-03-01 10:30:00,0.07,"Méthode inconnue liquide"
"33363","BV Cens","CENS à NANTES / 04146950","DCO sur échantillon homogène",2007-03-01 10:30:00,42,"Méthode inconnue liquide"
"33364","BV Cens","CENS à NANTES / 04146950","DBO5 sur échantillon homogène",2007-03-01 10:30:00,1.3,"Méthode inconnue liquide"
"33365","BV Cens","CENS à NANTES / 04146950","O2_insitu",2007-03-01 10:30:00,9.12,"Méthode inconnue liquide"
"33366","BV Cens","CENS à NANTES / 04146950","EC_25C_insitu",2007-03-01 10:30:00,171,"Méthode inconnue liquide"
"33367","BV Cens","CENS à NANTES / 04146950","pH_insitu",2007-03-01 10:30:00,7.21,"Méthode inconnue liquide"
"33368","BV Cens","CENS à NANTES / 04146950","Azote ammoniacal",2011-10-18 10:30:00,0.29,"Méthode inconnue liquide"
"33369","BV Cens","CENS à NANTES / 04146950","pH_insitu",2011-10-18 10:30:00,6.93,"Méthode inconnue liquide"
"33370","BV Cens","CENS à NANTES / 04146950","EC_25C_insitu",2011-10-18 10:30:00,454,"Méthode inconnue liquide"
"33371","BV Cens","CENS à NANTES / 04146950","O2_insitu",2011-10-18 10:30:00,4.24,"Méthode inconnue liquide"
"33372","BV Cens","CENS à NANTES / 04146950","DBO5 sur échantillon homogène",2011-10-18 10:30:00,1.4,"Méthode inconnue liquide"
"33373","BV Cens","CENS à NANTES / 04146950","Nitrites",2011-10-18 10:30:00,0.49,"Méthode inconnue liquide"
"33374","BV Cens","CENS à NANTES / 04146950","Nitrates",2011-10-18 10:30:00,6.8,"Méthode inconnue liquide"
"33375","BV Cens","CENS à NANTES / 04146950","Phosphore total",2011-10-18 10:30:00,0.11,"Méthode inconnue liquide"
"33376","BV Cens","CENS à NANTES / 04146950","Phosphates",2011-10-18 10:30:00,0.25,"Méthode inconnue liquide"
"33377","BV Cens","CENS à NANTES / 04146950","Carbone organique dissous",2011-10-18 10:30:00,4.2,"Méthode inconnue liquide"
"33378","BV Cens","CENS à NANTES / 04146950","Azote ammoniacal",2009-02-04 10:30:00,0.07,"Méthode inconnue liquide"
"33379","BV Cens","CENS à NANTES / 04146950","pH_insitu",2009-02-04 10:30:00,7.6,"Méthode inconnue liquide"
"33380","BV Cens","CENS à NANTES / 04146950","EC_25C_insitu",2009-02-04 10:30:00,296,"Méthode inconnue liquide"
"33381","BV Cens","CENS à NANTES / 04146950","O2_insitu",2009-02-04 10:30:00,11.88,"Méthode inconnue liquide"
"33382","BV Cens","CENS à NANTES / 04146950","DBO5 sur échantillon homogène",2009-02-04 10:30:00,1.5,"Méthode inconnue liquide"
"33383","BV Cens","CENS à NANTES / 04146950","Nitrites",2009-02-04 10:30:00,0.06,"Méthode inconnue liquide"
"33384","BV Cens","CENS à NANTES / 04146950","Nitrates",2009-02-04 10:30:00,14.2,"Méthode inconnue liquide"
"33385","BV Cens","CENS à NANTES / 04146950","Phosphore total",2009-02-04 10:30:00,0.08,"Méthode inconnue liquide"
"33386","BV Cens","CENS à NANTES / 04146950","Phosphates",2009-02-04 10:30:00,0.08,"Méthode inconnue liquide"
"33387","BV Cens","CENS à NANTES / 04146950","Carbone organique dissous",2009-02-04 10:30:00,6,"Méthode inconnue liquide"
"33388","BV Cens","CENS à NANTES / 04146950","Phosphates",2011-11-30 10:40:00,0.37,"Méthode inconnue liquide"
"33389","BV Cens","CENS à NANTES / 04146950","Nitrates",2011-11-30 10:40:00,4.2,"Méthode inconnue liquide"
"33390","BV Cens","CENS à NANTES / 04146950","Azote ammoniacal",2011-11-30 10:40:00,0.16,"Méthode inconnue liquide"
"33391","BV Cens","CENS à NANTES / 04146950","O2_insitu",2011-11-30 10:40:00,5.78,"Méthode inconnue liquide"
"33392","BV Cens","CENS à NANTES / 04146950","pH_insitu",2011-11-30 10:40:00,6.75,"Méthode inconnue liquide"
"33393","BV Cens","CENS à NANTES / 04146950","EC_25C_insitu",2011-11-30 10:40:00,278,"Méthode inconnue liquide"
"33394","BV Cens","CENS à NANTES / 04146950","DBO5 sur échantillon homogène",2011-11-30 10:40:00,1.9,"Méthode inconnue liquide"
"33395","BV Cens","CENS à NANTES / 04146950","Nitrites",2011-11-30 10:40:00,0.08,"Méthode inconnue liquide"
"33396","BV Cens","CENS à NANTES / 04146950","Phosphore total",2011-11-30 10:40:00,0.17,"Méthode inconnue liquide"
"33397","BV Cens","CENS à NANTES / 04146950","Carbone organique dissous",2011-11-30 10:40:00,6.1,"Méthode inconnue liquide"
"33398","BV Cens","CENS à NANTES / 04146950","Carbone organique dissous",2014-12-09 10:45:00,6.1,"Méthode inconnue liquide"
"33399","BV Cens","CENS à NANTES / 04146950","Phosphates",2014-12-09 10:45:00,0.34,"Méthode inconnue liquide"
"33400","BV Cens","CENS à NANTES / 04146950","Phosphore total",2014-12-09 10:45:00,0.15,"Méthode inconnue liquide"
"33401","BV Cens","CENS à NANTES / 04146950","Nitrates",2014-12-09 10:45:00,8.9,"Méthode inconnue liquide"
"33402","BV Cens","CENS à NANTES / 04146950","Nitrites",2014-12-09 10:45:00,0.06,"Méthode inconnue liquide"
"33403","BV Cens","CENS à NANTES / 04146950","Azote ammoniacal",2014-12-09 10:45:00,0.18,"Méthode inconnue liquide"
"33404","BV Cens","CENS à NANTES / 04146950","DBO5 sur échantillon homogène",2014-12-09 10:45:00,0.5,"Méthode inconnue liquide"
"33405","BV Cens","CENS à NANTES / 04146950","O2_insitu",2014-12-09 10:45:00,9.11,"Méthode inconnue liquide"
"33406","BV Cens","CENS à NANTES / 04146950","EC_25C_insitu",2014-12-09 10:45:00,270,"Méthode inconnue liquide"
"33407","BV Cens","CENS à NANTES / 04146950","pH_insitu",2014-12-09 10:45:00,7.34,"Méthode inconnue liquide"
"33408","BV Cens","CENS à NANTES / 04146950","Carbone organique dissous",2015-02-24 10:50:00,8.2,"Méthode inconnue liquide"
"33409","BV Cens","CENS à NANTES / 04146950","Phosphore total",2015-02-24 10:50:00,0.12,"Méthode inconnue liquide"
"33410","BV Cens","CENS à NANTES / 04146950","Nitrites",2015-02-24 10:50:00,0.05,"Méthode inconnue liquide"
"33411","BV Cens","CENS à NANTES / 04146950","DBO5 sur échantillon homogène",2015-02-24 10:50:00,1.6,"Méthode inconnue liquide"
"33412","BV Cens","CENS à NANTES / 04146950","EC_25C_insitu",2015-02-24 10:50:00,199,"Méthode inconnue liquide"
"33413","BV Cens","CENS à NANTES / 04146950","pH_insitu",2015-02-24 10:50:00,6.97,"Méthode inconnue liquide"
"33414","BV Cens","CENS à NANTES / 04146950","O2_insitu",2015-02-24 10:50:00,11.08,"Méthode inconnue liquide"
"33415","BV Cens","CENS à NANTES / 04146950","Azote ammoniacal",2015-02-24 10:50:00,0.08,"Méthode inconnue liquide"
"33416","BV Cens","CENS à NANTES / 04146950","Nitrates",2015-02-24 10:50:00,8.8,"Méthode inconnue liquide"
"33417","BV Cens","CENS à NANTES / 04146950","Phosphates",2015-02-24 10:50:00,0.22,"Méthode inconnue liquide"
"33418","BV Cens","CENS à NANTES / 04146950","Carbone organique dissous",2015-06-12 11:00:00,8.9,"Méthode inconnue liquide"
"33419","BV Cens","CENS à NANTES / 04146950","Phosphore total",2015-06-12 11:00:00,0.2,"Méthode inconnue liquide"
"33420","BV Cens","CENS à NANTES / 04146950","Nitrites",2015-06-12 11:00:00,0.07,"Méthode inconnue liquide"
"33421","BV Cens","CENS à NANTES / 04146950","Azote ammoniacal",2015-06-12 11:00:00,0.18,"Méthode inconnue liquide"
"33422","BV Cens","CENS à NANTES / 04146950","DBO5 sur échantillon homogène",2015-06-12 11:00:00,8,"Méthode inconnue liquide"
"33423","BV Cens","CENS à NANTES / 04146950","EC_25C_insitu",2015-06-12 11:00:00,241,"Méthode inconnue liquide"
"33424","BV Cens","CENS à NANTES / 04146950","pH_insitu",2015-06-12 11:00:00,7.26,"Méthode inconnue liquide"
"33425","BV Cens","CENS à NANTES / 04146950","O2_insitu",2015-06-12 11:00:00,7.48,"Méthode inconnue liquide"
"33426","BV Cens","CENS à NANTES / 04146950","Nitrates",2015-06-12 11:00:00,7.2,"Méthode inconnue liquide"
"33427","BV Cens","CENS à NANTES / 04146950","Phosphates",2015-06-12 11:00:00,0.1,"Méthode inconnue liquide"
"33428","BV Cens","CENS à NANTES / 04146950","Carbone organique dissous",2014-04-09 11:00:00,8.9,"Méthode inconnue liquide"
"33429","BV Cens","CENS à NANTES / 04146950","Phosphore total",2014-04-09 11:00:00,0.14,"Méthode inconnue liquide"
"33430","BV Cens","CENS à NANTES / 04146950","Nitrites",2014-04-09 11:00:00,0.06,"Méthode inconnue liquide"
"33431","BV Cens","CENS à NANTES / 04146950","Azote ammoniacal",2014-04-09 11:00:00,0.09,"Méthode inconnue liquide"
"33432","BV Cens","CENS à NANTES / 04146950","DBO5 sur échantillon homogène",2014-04-09 11:00:00,2.1,"Méthode inconnue liquide"
"33433","BV Cens","CENS à NANTES / 04146950","EC_25C_insitu",2014-04-09 11:00:00,234,"Méthode inconnue liquide"
"33434","BV Cens","CENS à NANTES / 04146950","pH_insitu",2014-04-09 11:00:00,6.86,"Méthode inconnue liquide"
"33435","BV Cens","CENS à NANTES / 04146950","O2_insitu",2014-04-09 11:00:00,10.19,"Méthode inconnue liquide"
"33436","BV Cens","CENS à NANTES / 04146950","Nitrates",2014-04-09 11:00:00,8,"Méthode inconnue liquide"
"33437","BV Cens","CENS à NANTES / 04146950","Phosphates",2014-04-09 11:00:00,0.28,"Méthode inconnue liquide"
"33438","BV Cens","CENS à NANTES / 04146950","pH_insitu",2016-04-21 11:05:00,7.5,"Méthode inconnue liquide"
"33439","BV Cens","CENS à NANTES / 04146950","EC_25C_insitu",2016-04-21 11:05:00,248,"Méthode inconnue liquide"
"33440","BV Cens","CENS à NANTES / 04146950","O2_insitu",2016-04-21 11:05:00,9.45,"Méthode inconnue liquide"
"33441","BV Cens","CENS à NANTES / 04146950","DBO5 sur échantillon homogène",2016-04-21 11:05:00,1.7,"Méthode inconnue liquide"
"33442","BV Cens","CENS à NANTES / 04146950","Azote ammoniacal",2016-04-21 11:05:00,0.1,"Méthode inconnue liquide"
"33443","BV Cens","CENS à NANTES / 04146950","Nitrites",2016-04-21 11:05:00,0,"Méthode inconnue liquide"
"33444","BV Cens","CENS à NANTES / 04146950","Nitrates",2016-04-21 11:05:00,8.8,"Méthode inconnue liquide"
"33445","BV Cens","CENS à NANTES / 04146950","Phosphore total",2016-04-21 11:05:00,0.1,"Méthode inconnue liquide"
"33446","BV Cens","CENS à NANTES / 04146950","Phosphates",2016-04-21 11:05:00,0.1,"Méthode inconnue liquide"
"33447","BV Cens","CENS à NANTES / 04146950","Carbone organique dissous",2016-04-21 11:05:00,5.1,"Méthode inconnue liquide"
"33448","BV Cens","CENS à NANTES / 04146950","Phosphates",2012-04-10 11:15:00,0.25,"Méthode inconnue liquide"
"33449","BV Cens","CENS à NANTES / 04146950","Nitrates",2012-04-10 11:15:00,4.7,"Méthode inconnue liquide"
"33450","BV Cens","CENS à NANTES / 04146950","Azote ammoniacal",2012-04-10 11:15:00,0.24,"Méthode inconnue liquide"
"33451","BV Cens","CENS à NANTES / 04146950","O2_insitu",2012-04-10 11:15:00,8.64,"Méthode inconnue liquide"
"33452","BV Cens","CENS à NANTES / 04146950","pH_insitu",2012-04-10 11:15:00,6.48,"Méthode inconnue liquide"
"33453","BV Cens","CENS à NANTES / 04146950","EC_25C_insitu",2012-04-10 11:15:00,209,"Méthode inconnue liquide"
"33454","BV Cens","CENS à NANTES / 04146950","DBO5 sur échantillon homogène",2012-04-10 11:15:00,10,"Méthode inconnue liquide"
"33455","BV Cens","CENS à NANTES / 04146950","Nitrites",2012-04-10 11:15:00,0.13,"Méthode inconnue liquide"
"33456","BV Cens","CENS à NANTES / 04146950","Phosphore total",2012-04-10 11:15:00,0.49,"Méthode inconnue liquide"
"33457","BV Cens","CENS à NANTES / 04146950","Carbone organique dissous",2012-04-10 11:15:00,8.4,"Méthode inconnue liquide"
"33458","BV Cens","CENS à NANTES / 04146950","Phosphates",2013-12-18 11:15:00,0.31,"Méthode inconnue liquide"
"33459","BV Cens","CENS à NANTES / 04146950","Nitrates",2013-12-18 11:15:00,11.9,"Méthode inconnue liquide"
"33460","BV Cens","CENS à NANTES / 04146950","Azote ammoniacal",2013-12-18 11:15:00,0.44,"Méthode inconnue liquide"
"33461","BV Cens","CENS à NANTES / 04146950","O2_insitu",2013-12-18 11:15:00,9.66,"Méthode inconnue liquide"
"33462","BV Cens","CENS à NANTES / 04146950","pH_insitu",2013-12-18 11:15:00,6.89,"Méthode inconnue liquide"
"33463","BV Cens","CENS à NANTES / 04146950","EC_25C_insitu",2013-12-18 11:15:00,294,"Méthode inconnue liquide"
"33464","BV Cens","CENS à NANTES / 04146950","DBO5 sur échantillon homogène",2013-12-18 11:15:00,1.8,"Méthode inconnue liquide"
"33465","BV Cens","CENS à NANTES / 04146950","Nitrites",2013-12-18 11:15:00,0.09,"Méthode inconnue liquide"
"33466","BV Cens","CENS à NANTES / 04146950","Phosphore total",2013-12-18 11:15:00,0.14,"Méthode inconnue liquide"
"33467","BV Cens","CENS à NANTES / 04146950","Carbone organique dissous",2013-12-18 11:15:00,7.6,"Méthode inconnue liquide"
"33468","BV Cens","CENS à NANTES / 04146950","Carbone organique dissous",2012-10-24 11:20:00,13,"Méthode inconnue liquide"
"33469","BV Cens","CENS à NANTES / 04146950","Phosphates",2012-10-24 11:20:00,0.33,"Méthode inconnue liquide"
"33470","BV Cens","CENS à NANTES / 04146950","Phosphore total",2012-10-24 11:20:00,0.13,"Méthode inconnue liquide"
"33471","BV Cens","CENS à NANTES / 04146950","Nitrates",2012-10-24 11:20:00,12.9,"Méthode inconnue liquide"
"33472","BV Cens","CENS à NANTES / 04146950","Nitrites",2012-10-24 11:20:00,0.09,"Méthode inconnue liquide"
"33473","BV Cens","CENS à NANTES / 04146950","Azote ammoniacal",2012-10-24 11:20:00,0.11,"Méthode inconnue liquide"
"33474","BV Cens","CENS à NANTES / 04146950","DBO5 sur échantillon homogène",2012-10-24 11:20:00,1.1,"Méthode inconnue liquide"
"33475","BV Cens","CENS à NANTES / 04146950","O2_insitu",2012-10-24 11:20:00,8.79,"Méthode inconnue liquide"
"33476","BV Cens","CENS à NANTES / 04146950","EC_25C_insitu",2012-10-24 11:20:00,274,"Méthode inconnue liquide"
"33477","BV Cens","CENS à NANTES / 04146950","pH_insitu",2012-10-24 11:20:00,6.81,"Méthode inconnue liquide"
"33478","BV Cens","CENS à NANTES / 04146950","Carbone organique dissous",2013-08-20 11:20:00,6.2,"Méthode inconnue liquide"
"33479","BV Cens","CENS à NANTES / 04146950","Phosphates",2013-08-20 11:20:00,0.46,"Méthode inconnue liquide"
"33480","BV Cens","CENS à NANTES / 04146950","Phosphore total",2013-08-20 11:20:00,0.22,"Méthode inconnue liquide"
"33481","BV Cens","CENS à NANTES / 04146950","Nitrates",2013-08-20 11:20:00,5.6,"Méthode inconnue liquide"
"33482","BV Cens","CENS à NANTES / 04146950","Nitrites",2013-08-20 11:20:00,0.12,"Méthode inconnue liquide"
"33483","BV Cens","CENS à NANTES / 04146950","Azote ammoniacal",2013-08-20 11:20:00,0.23,"Méthode inconnue liquide"
"33484","BV Cens","CENS à NANTES / 04146950","DBO5 sur échantillon homogène",2013-08-20 11:20:00,1.5,"Méthode inconnue liquide"
"33485","BV Cens","CENS à NANTES / 04146950","O2_insitu",2013-08-20 11:20:00,5.13,"Méthode inconnue liquide"
"33486","BV Cens","CENS à NANTES / 04146950","EC_25C_insitu",2013-08-20 11:20:00,288,"Méthode inconnue liquide"
"33487","BV Cens","CENS à NANTES / 04146950","pH_insitu",2013-08-20 11:20:00,7.26,"Méthode inconnue liquide"
"33488","BV Cens","CENS à NANTES / 04146950","Phosphates",2013-06-20 11:40:00,0.25,"Méthode inconnue liquide"
"33489","BV Cens","CENS à NANTES / 04146950","Nitrates",2013-06-20 11:40:00,8.3,"Méthode inconnue liquide"
"33490","BV Cens","CENS à NANTES / 04146950","Azote ammoniacal",2013-06-20 11:40:00,0.22,"Méthode inconnue liquide"
"33491","BV Cens","CENS à NANTES / 04146950","O2_insitu",2013-06-20 11:40:00,6.33,"Méthode inconnue liquide"
"33492","BV Cens","CENS à NANTES / 04146950","pH_insitu",2013-06-20 11:40:00,6.75,"Méthode inconnue liquide"
"33493","BV Cens","CENS à NANTES / 04146950","EC_25C_insitu",2013-06-20 11:40:00,276,"Méthode inconnue liquide"
"33494","BV Cens","CENS à NANTES / 04146950","DBO5 sur échantillon homogène",2013-06-20 11:40:00,1.5,"Méthode inconnue liquide"
"33495","BV Cens","CENS à NANTES / 04146950","Nitrites",2013-06-20 11:40:00,0.13,"Méthode inconnue liquide"
"33496","BV Cens","CENS à NANTES / 04146950","Phosphore total",2013-06-20 11:40:00,0.21,"Méthode inconnue liquide"
"33497","BV Cens","CENS à NANTES / 04146950","Carbone organique dissous",2013-06-20 11:40:00,6.8,"Méthode inconnue liquide"
"33498","BV Cens","CENS à NANTES / 04146950","Carbone organique dissous",2012-09-05 11:42:00,5.8,"Méthode inconnue liquide"
"33499","BV Cens","CENS à NANTES / 04146950","Phosphates",2012-09-05 11:42:00,0.57,"Méthode inconnue liquide"
"33500","BV Cens","CENS à NANTES / 04146950","Phosphore total",2012-09-05 11:42:00,0.27,"Méthode inconnue liquide"
"33730","BV Cens","CENS à NANTES / 04146950","Nitrates",2012-09-05 11:42:00,4.5,"Méthode inconnue liquide"
"33731","BV Cens","CENS à NANTES / 04146950","Nitrites",2012-09-05 11:42:00,0.26,"Méthode inconnue liquide"
"33732","BV Cens","CENS à NANTES / 04146950","Azote ammoniacal",2012-09-05 11:42:00,0.6,"Méthode inconnue liquide"
"33733","BV Cens","CENS à NANTES / 04146950","DBO5 sur échantillon homogène",2012-09-05 11:42:00,1.3,"Méthode inconnue liquide"
"33734","BV Cens","CENS à NANTES / 04146950","O2_insitu",2012-09-05 11:42:00,2.3,"Méthode inconnue liquide"
"33735","BV Cens","CENS à NANTES / 04146950","EC_25C_insitu",2012-09-05 11:42:00,321,"Méthode inconnue liquide"
"33736","BV Cens","CENS à NANTES / 04146950","pH_insitu",2012-09-05 11:42:00,7.18,"Méthode inconnue liquide"
"33737","BV Cens","CENS à NANTES / 04146950","Carbone organique dissous",2016-06-08 12:05:00,6,"Méthode inconnue liquide"
"33738","BV Cens","CENS à NANTES / 04146950","Phosphates",2016-06-08 12:05:00,0.38,"Méthode inconnue liquide"
"33739","BV Cens","CENS à NANTES / 04146950","Phosphore total",2016-06-08 12:05:00,0.18,"Méthode inconnue liquide"
"33740","BV Cens","CENS à NANTES / 04146950","Nitrates",2016-06-08 12:05:00,8.2,"Méthode inconnue liquide"
"33741","BV Cens","CENS à NANTES / 04146950","Nitrites",2016-06-08 12:05:00,0.14,"Méthode inconnue liquide"
"33742","BV Cens","CENS à NANTES / 04146950","Azote ammoniacal",2016-06-08 12:05:00,0.2,"Méthode inconnue liquide"
"33743","BV Cens","CENS à NANTES / 04146950","DBO5 sur échantillon homogène",2016-06-08 12:05:00,1.7,"Méthode inconnue liquide"
"33744","BV Cens","CENS à NANTES / 04146950","O2_insitu",2016-06-08 12:05:00,7.37,"Méthode inconnue liquide"
"33745","BV Cens","CENS à NANTES / 04146950","EC_25C_insitu",2016-06-08 12:05:00,270,"Méthode inconnue liquide"
"33746","BV Cens","CENS à NANTES / 04146950","pH_insitu",2016-06-08 12:05:00,7.61,"Méthode inconnue liquide"
"33747","BV Cens","CENS à NANTES / 04146950","pH_insitu",2007-08-29 12:20:00,6.95,"Méthode inconnue liquide"
"33748","BV Cens","CENS à NANTES / 04146950","EC_25C_insitu",2007-08-29 12:20:00,99,"Méthode inconnue liquide"
"33749","BV Cens","CENS à NANTES / 04146950","O2_insitu",2007-08-29 12:20:00,4.7,"Méthode inconnue liquide"
"33750","BV Cens","CENS à NANTES / 04146950","DBO5 sur échantillon homogène",2007-08-29 12:20:00,1.3,"Méthode inconnue liquide"
"33751","BV Cens","CENS à NANTES / 04146950","DCO sur échantillon homogène",2007-08-29 12:20:00,26,"Méthode inconnue liquide"
"33752","BV Cens","CENS à NANTES / 04146950","Azote ammoniacal",2007-08-29 12:20:00,0.21,"Méthode inconnue liquide"
"33753","BV Cens","CENS à NANTES / 04146950","Chlorures",2007-08-29 12:20:00,35,"Méthode inconnue liquide"
"33754","BV Cens","CENS à NANTES / 04146950","Nitrites",2007-08-29 12:20:00,0.1,"Méthode inconnue liquide"
"33755","BV Cens","CENS à NANTES / 04146950","Nitrates",2007-08-29 12:20:00,8.9,"Méthode inconnue liquide"
"33756","BV Cens","CENS à NANTES / 04146950","Phosphore total",2007-08-29 12:20:00,0.19,"Méthode inconnue liquide"
"33757","BV Cens","CENS à NANTES / 04146950","Phosphates",2007-08-29 12:20:00,0.39,"Méthode inconnue liquide"
"33758","BV Cens","CENS à NANTES / 04146950","Phosphates",2014-07-31 12:30:00,0.49,"Méthode inconnue liquide"
"33759","BV Cens","CENS à NANTES / 04146950","Nitrates",2014-07-31 12:30:00,5.1,"Méthode inconnue liquide"
"33760","BV Cens","CENS à NANTES / 04146950","Azote ammoniacal",2014-07-31 12:30:00,0.01,"Méthode inconnue liquide"
"33761","BV Cens","CENS à NANTES / 04146950","O2_insitu",2014-07-31 12:30:00,4.71,"Méthode inconnue liquide"
"33762","BV Cens","CENS à NANTES / 04146950","pH_insitu",2014-07-31 12:30:00,7.21,"Méthode inconnue liquide"
"33763","BV Cens","CENS à NANTES / 04146950","EC_25C_insitu",2014-07-31 12:30:00,296,"Méthode inconnue liquide"
"33764","BV Cens","CENS à NANTES / 04146950","DBO5 sur échantillon homogène",2014-07-31 12:30:00,1.7,"Méthode inconnue liquide"
"33765","BV Cens","CENS à NANTES / 04146950","Nitrites",2014-07-31 12:30:00,0.11,"Méthode inconnue liquide"
"33766","BV Cens","CENS à NANTES / 04146950","Phosphore total",2014-07-31 12:30:00,0.22,"Méthode inconnue liquide"
"33767","BV Cens","CENS à NANTES / 04146950","Carbone organique dissous",2014-07-31 12:30:00,6.2,"Méthode inconnue liquide"
"33768","BV Cens","CENS à NANTES / 04146950","Phosphates",2012-12-11 12:40:00,0.22,"Méthode inconnue liquide"
"33769","BV Cens","CENS à NANTES / 04146950","Nitrates",2012-12-11 12:40:00,12.5,"Méthode inconnue liquide"
"33770","BV Cens","CENS à NANTES / 04146950","Azote ammoniacal",2012-12-11 12:40:00,0.07,"Méthode inconnue liquide"
"33771","BV Cens","CENS à NANTES / 04146950","O2_insitu",2012-12-11 12:40:00,12.73,"Méthode inconnue liquide"
"33772","BV Cens","CENS à NANTES / 04146950","pH_insitu",2012-12-11 12:40:00,6.81,"Méthode inconnue liquide"
"33773","BV Cens","CENS à NANTES / 04146950","EC_25C_insitu",2012-12-11 12:40:00,267,"Méthode inconnue liquide"
"33774","BV Cens","CENS à NANTES / 04146950","DBO5 sur échantillon homogène",2012-12-11 12:40:00,1,"Méthode inconnue liquide"
"33775","BV Cens","CENS à NANTES / 04146950","Nitrites",2012-12-11 12:40:00,0.06,"Méthode inconnue liquide"
"33776","BV Cens","CENS à NANTES / 04146950","Phosphore total",2012-12-11 12:40:00,0.1,"Méthode inconnue liquide"
"33777","BV Cens","CENS à NANTES / 04146950","Carbone organique dissous",2012-12-11 12:40:00,8.4,"Méthode inconnue liquide"
"33778","BV Cens","CENS à NANTES / 04146950","Carbone organique dissous",2008-09-29 12:40:00,4.3,"Méthode inconnue liquide"
"33779","BV Cens","CENS à NANTES / 04146950","Phosphates",2008-09-29 12:40:00,0.24,"Méthode inconnue liquide"
"33780","BV Cens","CENS à NANTES / 04146950","Nitrates",2008-09-29 12:40:00,8.1,"Méthode inconnue liquide"
"33781","BV Cens","CENS à NANTES / 04146950","Chlorures",2008-09-29 12:40:00,30,"Méthode inconnue liquide"
"33782","BV Cens","CENS à NANTES / 04146950","DCO sur échantillon homogène",2008-09-29 12:40:00,27,"Méthode inconnue liquide"
"33783","BV Cens","CENS à NANTES / 04146950","O2_insitu",2008-09-29 12:40:00,4.12,"Méthode inconnue liquide"
"33784","BV Cens","CENS à NANTES / 04146950","pH_insitu",2008-09-29 12:40:00,7.75,"Méthode inconnue liquide"
"33785","BV Cens","CENS à NANTES / 04146950","EC_25C_insitu",2008-09-29 12:40:00,330,"Méthode inconnue liquide"
"33786","BV Cens","CENS à NANTES / 04146950","DBO5 sur échantillon homogène",2008-09-29 12:40:00,1.3,"Méthode inconnue liquide"
"33787","BV Cens","CENS à NANTES / 04146950","Azote ammoniacal",2008-09-29 12:40:00,0.2,"Méthode inconnue liquide"
"33788","BV Cens","CENS à NANTES / 04146950","Nitrites",2008-09-29 12:40:00,0.12,"Méthode inconnue liquide"
"33789","BV Cens","CENS à NANTES / 04146950","Phosphore total",2008-09-29 12:40:00,0.12,"Méthode inconnue liquide"
"33790","BV Cens","CENS à NANTES / 04146950","Carbone organique dissous",2010-02-17 13:10:00,6.9,"Méthode inconnue liquide"
"33791","BV Cens","CENS à NANTES / 04146950","Phosphates",2010-02-17 13:10:00,0.11,"Méthode inconnue liquide"
"33792","BV Cens","CENS à NANTES / 04146950","Phosphore total",2010-02-17 13:10:00,0.06,"Méthode inconnue liquide"
"33793","BV Cens","CENS à NANTES / 04146950","Nitrates",2010-02-17 13:10:00,15.7,"Méthode inconnue liquide"
"33794","BV Cens","CENS à NANTES / 04146950","Nitrites",2010-02-17 13:10:00,0.07,"Méthode inconnue liquide"
"33795","BV Cens","CENS à NANTES / 04146950","Azote ammoniacal",2010-02-17 13:10:00,0.07,"Méthode inconnue liquide"
"33796","BV Cens","CENS à NANTES / 04146950","DBO5 sur échantillon homogène",2010-02-17 13:10:00,1,"Méthode inconnue liquide"
"33797","BV Cens","CENS à NANTES / 04146950","O2_insitu",2010-02-17 13:10:00,11.26,"Méthode inconnue liquide"
"33798","BV Cens","CENS à NANTES / 04146950","EC_25C_insitu",2010-02-17 13:10:00,256,"Méthode inconnue liquide"
"33799","BV Cens","CENS à NANTES / 04146950","pH_insitu",2010-02-17 13:10:00,7.6,"Méthode inconnue liquide"
"33800","BV Cens","CENS à NANTES / 04146950","Carbone organique dissous",2011-04-06 13:40:00,7.7,"Méthode inconnue liquide"
"33801","BV Cens","CENS à NANTES / 04146950","Phosphates",2011-04-06 13:40:00,0.28,"Méthode inconnue liquide"
"33802","BV Cens","CENS à NANTES / 04146950","Phosphore total",2011-04-06 13:40:00,0.12,"Méthode inconnue liquide"
"33803","BV Cens","CENS à NANTES / 04146950","Nitrates",2011-04-06 13:40:00,9,"Méthode inconnue liquide"
"33804","BV Cens","CENS à NANTES / 04146950","Nitrites",2011-04-06 13:40:00,0.08,"Méthode inconnue liquide"
"33805","BV Cens","CENS à NANTES / 04146950","Azote ammoniacal",2011-04-06 13:40:00,0.11,"Méthode inconnue liquide"
"33806","BV Cens","CENS à NANTES / 04146950","DBO5 sur échantillon homogène",2011-04-06 13:40:00,1.6,"Méthode inconnue liquide"
"33807","BV Cens","CENS à NANTES / 04146950","O2_insitu",2011-04-06 13:40:00,9.06,"Méthode inconnue liquide"
"33808","BV Cens","CENS à NANTES / 04146950","EC_25C_insitu",2011-04-06 13:40:00,288,"Méthode inconnue liquide"
"33809","BV Cens","CENS à NANTES / 04146950","pH_insitu",2011-04-06 13:40:00,7.77,"Méthode inconnue liquide"
"33810","BV Cens","CENS à NANTES / 04146950","pH_insitu",2008-02-18 14:00:00,7.39,"Méthode inconnue liquide"
"33811","BV Cens","CENS à NANTES / 04146950","EC_25C_insitu",2008-02-18 14:00:00,288,"Méthode inconnue liquide"
"33812","BV Cens","CENS à NANTES / 04146950","O2_insitu",2008-02-18 14:00:00,11.7,"Méthode inconnue liquide"
"33813","BV Cens","CENS à NANTES / 04146950","DBO5 sur échantillon homogène",2008-02-18 14:00:00,0.5,"Méthode inconnue liquide"
"33814","BV Cens","CENS à NANTES / 04146950","DCO sur échantillon homogène",2008-02-18 14:00:00,22,"Méthode inconnue liquide"
"33815","BV Cens","CENS à NANTES / 04146950","Azote ammoniacal",2008-02-18 14:00:00,0.07,"Méthode inconnue liquide"
"33816","BV Cens","CENS à NANTES / 04146950","Chlorures",2008-02-18 14:00:00,35,"Méthode inconnue liquide"
"33817","BV Cens","CENS à NANTES / 04146950","Nitrates",2008-02-18 14:00:00,14.5,"Méthode inconnue liquide"
"33818","BV Cens","CENS à NANTES / 04146950","Phosphore total",2008-02-18 14:00:00,0.08,"Méthode inconnue liquide"
"33819","BV Cens","CENS à NANTES / 04146950","Phosphates",2008-02-18 14:00:00,0.02,"Méthode inconnue liquide"
"33820","BV Cens","CENS à NANTES / 04146950","Carbone organique dissous",2008-02-18 14:00:00,6.3,"Méthode inconnue liquide"
